pbp_id,date,tny_name,tour,draw,server1,server2,winner,pbp,score,adf_flag,wh_minutes
10434613,01 Jan 17,ATPBrisbane-BrisbaneInternational,ATP,Main,Elias Ymer,Jordan Thompson,2,SSDSRRSRRR;RSSSRS;RRRD;SRRSSS;SSDRSDSS;SRRRR;SRSDSS;SSRSA;RRRSSSSRRSRSSRRSRR.RSSRRSSRSRSS;SRRRSSSRSS;SSSS;RSRSRSRR;SSSS;SSSS;SSSS;SDRRAR,6-3 6-2,1,84
10434614,02 Jan 17,ATPBrisbane-BrisbaneInternational,ATP,Main,Nicolas Mahut,Stephane Robert,1,SRSSRS;SSSRS;SRARAS;ARSRAS;SASS;RRSRSSSDRSSRSS;RRRSSR;DSRSSS;RSSSS;SSSA.SSSS;DSRSRR;SRSDSRAS;SASRRRSA;SAARA;SSRAA;RARSSA;SSSA;SSRSS.SSSRS;SSRSRDAS;RDSRSSSS;SRSSRDRR;SSSRS;SASS;DSSRRSRSRD;RRSSAA;SDRDASRR;SSRSS,4-6 6-3 6-4,1,119
10434611,02 Jan 17,ATPBrisbane-BrisbaneInternational,ATP,Main,Bernard Tomic,David Ferrer,2,SSRRRR;RDRR;RSRSRR;DRSRSSSS;SSSDDDSRSS;SSAS;SDSRRSRASS;SSSS;RDRSD.RSSRSS;SSRSRRSA;SDSSS;ARSSRS;RSSSS;SSSDRS;SSRSDS;SSSA;SSDAS;SSSRA;SARSS;SRRRSSDR,6-3 7-5,1,83
10439126,02 Jan 17,ATPBrisbane-BrisbaneInternational,ATP,Main,Kyle Edmund,Ernesto Escobedo,1,RSARRSSDRR;DSRRSSRSRSRSSRSS;RSRSSS;SDRDSSRR;SSARS;SRSSRRSRRSSS;SRSSRS;SRSAA;RSSRSDSA;RSRSARSRRSSS;RSSAA;SRSSS;S/RR/SR/SS/RS/RR.SASRRS;RSSSS;ARSAA;SSSS;RSSRSRSS;ASRSA;SSRRSRSRAS;SRRSRSSS;RSSSRRSS;SSSA;SSARA;SRSSA;R/SR/SA/RR/RR/AR/RR/S,7-6(4) 7-6(6),1,124
10434612,02 Jan 17,ATPBrisbane-BrisbaneInternational,ATP,Main,Grigor Dimitrov,Steve Johnson,1,SSSS;ARSSA;RSSSRA;RSRRD;SRSRSRSS;SRRSSS;ASRSS;RSRRR.RSSRRR;SRSRRSRR;SSSRS;RSSRSS;SSSS;RRSSSRSDSRRSRR;SSSRS;SRDRSSSS;RSSSS,6-2 6-3,1,96
10443393,03 Jan 17,ATPBrisbane-BrisbaneInternational,ATP,Main,Gilles Muller,Jared Donaldson,2,SDRSRARR;ASRSA;ARSDSS;SSSS;SRSSA;ASDRRR;SRASA;SRASS;RRRR;RSSSS.SRASRS;SSSS;SRRSRASA;RSASRDSA;SRRSRR;SAAS;ASSRS;SRRSSS;SRSAS;ARSRARSA,6-4 6-4,1,75
10434610,03 Jan 17,ATPBrisbane-BrisbaneInternational,ATP,Main,Sam Groth,Pierre-Hugues Herbert,1,SSRRSA;SRRRD;RSARRD;SARRDD;SDSRSS;SRRSSS;ASSA;SSSS;SSARRS.SAARS;SRSRSA;RSSRSS;ASSA;SSRAA;RASRAS;SSSA;ASAS;SRSSRS;SADRSA;SRRSDSSS;RDASRSRSRARSSRRR.SSSS;SSSS;SSSRDS;RSRRSSDSSRRSSA;SRRSAA;ASSS;SSSS;RSSSS;RRRASSSS;RSSSS;RRRR;SSSA,6-3 5-7 7-5,1,129
10434609,03 Jan 17,ATPBrisbane-BrisbaneInternational,ATP,Main,Lucas Pouille,Gilles Simon,1,RRSRSR;SRDSSS;RRRSSR;SSSRS;RRSSRR;RSSDRR;SSRRRSSRSRARSA;RRRR;RARSSS;SSRRRR;RSSSA;SSSS;S/SS/SA/RS/RR/RS/SS/D.SSSS;SSSDRDSRSRRSRSSRSS;RRRR;SSSS;SASRS;RSRRR;SRRSSS;SSRSS;SDSRSRSRSS;SRSRRSRSAS;SSSS;ASSS;S/SS/SS/SR/RR/SS,7-6(6) 7-6(4),1,125
10439125,03 Jan 17,ATPBrisbane-BrisbaneInternational,ATP,Main,Viktor Troicki,Yoshihito Nishioka,1,SRAAS;SSRSRS;ASSS;SSSRRS;SSARDRSA;SSSS;RSSSS;SSRSRRRSRSRSSRSS;SRASS;RRRR.SRSRRSSRARSA;RSSRSRRR;RRARR;SSSS;SRSSDS;SSRSRRRSSRRSSS;RDRR;SSSS;SSSS;SRRRSR;SSDDAS;SRDSSRSRRR,6-4 7-5,1,-154
10434608,03 Jan 17,ATPBrisbane-BrisbaneInternational,ATP,Main,Sam Querrey,Diego Schwartzman,2,RRRSSR;SRRSSS;DDRR;RSRSRR;RRSSSRDSSA;SRSSS;SDRRD;RSSSS.SSAS;SSRRRR;ARRRSD;RSRSSS;SSSS;RASSS;RSDRR;SSSA;SRSSRS;SSSS,6-2 6-4,1,58
10443392,03 Jan 17,ATPBrisbane-BrisbaneInternational,ATP,Main,Alex De Minaur,Mischa Zverev,2,SRSSS;SSRSS;SRSSS;SRSSS;RRSSSS;SSSRRS;DSSRRR;SSDSRRSS;DRRR.SRSRSA;RRRR;RSSADS;SASS;RSSSS;RSSSRS;SRSRSRAS;ADDSSS;SRRRSSSS,6-3 6-3,1,67
10434616,03 Jan 17,ATPBrisbane-BrisbaneInternational,ATP,Main,Rafael Nadal,Alexandr Dolgopolov,1,SRSSS;RSRSSS;RSRSRR;RSRSSS;SSSRS;ARSRRR;SSRSS;RRSSRR;ARASRS.SRSRSS;SRSSRRSS;SRSAS;RSSSS;RSRSSRRD;DSRRSSSS;RDSSSS;SSSS;RRRR,6-3 6-3,1,74
10446714,04 Jan 17,ATPBrisbane-BrisbaneInternational,ATP,Main,Kei Nishikori,Jared Donaldson,1,SSSRS;SRRRR;RSRSSS;RDSDR;SSRDRASRDSRD;RSASA;SRRSSRRR;RSRSRSRSSS;RSSRSRRR;SRRSSRSS.ARSSS;RRRSSSRSDR;RSSRSRSRRSSRSRSRSRSS;SSAS;SSRRRR;DSSRSRAS;SRSSS;SRSRSRRSSRSS;ASRSS;RASRRR.SSRRSS;RSSSS;SSSS;RRRSR;SRSSS;RSRSSS;SSSS;RRSSSA;RRSSRSSS,4-6 6-4 6-3,1,142
10442681,04 Jan 17,ATPBrisbane-BrisbaneInternational,ATP,Main,Jordan Thompson,David Ferrer,1,SSRSA;SRSSS;SSSS;SARSS;RSARRSRSSS;SSSS;DSSRRR;RSSSS;SSSRRRSS;SSRSS.SSRSS;SRSRSS;SRSRRSRSSA;SRSDRR;SSSS;SSSRS;RSSSRS;RSSSS;SRRSRR;RSSSDS;SSSS;SRRRD.SARRSS;RDSSRSSRSS;SSRRSS;RSSRRR;DSSSRS;RSSSS;SSSA;SSRSA;SRRRR;RSRSRSRSSRSS;RSSRSRSS;RSRRSSRR,4-6 7-5 7-5,1,158
10446719,04 Jan 17,ATPBrisbane-BrisbaneInternational,ATP,Main,Stan Wawrinka,Viktor Troicki,1,SSSS;ASRSDRSS;SRSSA;ASSRS;RRSSRR;SSRRSS;RSASS;SRDASS;SRSSA;DSDRR;RSSSRS;SSSDS;S/SS/SS/SA/SS/SR/S.SSSRS;SSDSS;SSRSS;SSSA;SSSS;ARSADS;SRRRSSAS;SSRRSS;RSRSDSRD;SRSSRS,7-6(5) 6-4,1,88
10443418,05 Jan 17,ATPBrisbane-BrisbaneInternational,ATP,Main,Nicolas Mahut,Grigor Dimitrov,2,SARARRRR;SSSA;SSRSRS;SSAS;SRRRR;RSSSS;SSSS;SAARS.RSSSS;RSSRSS;SSSRRS;ASSS;SDSAS;SSSRRS;SRSSRRDR;ASSS;DASSS;RRRSASAS,6-2 6-4,1,65
10446711,05 Jan 17,ATPBrisbane-BrisbaneInternational,ATP,Main,Sam Groth,Dominic Thiem,2,SRASS;SSAA;ASAS;SRRRSSSS;RSSSS;SRRRSSSA;SSSA;SSRAS;SSSRRA;RSSSS;SAAS;RRSSSS;R/SS/SS/RS/SS/SS/R.SAAA;SASS;SRRSSS;RSARSS;SDSSS;RRRSSSAA;SSAS;RDSSRR;ASAA,7-6(5) 6-3,1,105
10447188,05 Jan 17,ATPBrisbane-BrisbaneInternational,ATP,Main,Milos Raonic,Diego Schwartzman,1,RRSSARRSAS;SSSS;SSARS;RSSRSRSS;RARASRSS;RRRSR;SDSSA;SSSS;SSAA.DRRSR;RRARSR;RSRSSRRR;RSSSS;RRSRR;SRASA;SSRSS;ARSSS,6-3 6-2,1,63
10448004,05 Jan 17,ATPBrisbane-BrisbaneInternational,ATP,Main,Rafael Nadal,Mischa Zverev,1,SSSS;RSSSS;SDRRSSSRSS;RRRSR;SSSS;RSRSRR;RSSSA.DSRRSD;SRSSRS;SSRAA;SSSS;RSSRRR;DSSSS;RRRSR,6-1 6-1,1,54
10435372,02 Jan 17,ATPChennai-AircelChennaiOpen,ATP,Main,Thiago Monteiro,Daniil Medvedev,2,RSSSRDSS;SASS;RSRRR;ASSRS;RSSRDR;SSSDRRARSDSRSDRR;SASS;RRSASS;SRSRRSDSRSARRSRR.RRSARSSS;SRRRSSSS;SRRSSRAS;SSRRSRSRRR;SSSRS;SRRSSS;SSRRRSRSSRSA;SSSS;RRSSSDSS,6-3 6-3,1,96
10439488,02 Jan 17,ATPChennai-AircelChennaiOpen,ATP,Main,Nikola Mektic,Steve Darcis,2,RSSRRR;SSSS;RRRR;SRSSS;SRRASS;SSSA;RRSSSS;SSSS.RSASS;SRRSSS;RRARR;SSRSS;SSRRSS;RSSSRS;SSRSA;SRSSS;RRSRR,6-2 6-3,1,58
10435375,02 Jan 17,ATPChennai-AircelChennaiOpen,ATP,Main,Damir Dzumhur,Dudi Sela,2,SSRRSRAS;SSRSS;RRRR;SSSS;DRRR;SRSSS;SSSS;RRSSSRRSRSRASS.SSDSDRRSSS;SSSS;RSRRR;SRSSS;RRRSSR;SSSS;SSRSRRSRSDSRRSSS;RRSSRSRSSRSS,6-2 6-2,1,61
10439489,02 Jan 17,ATPChennai-AircelChennaiOpen,ATP,Main,Jozef Kovalik,Gastao Elias,1,RSRRSSSRDR;RSRRSR;RSSSRA;SSRSS;SRSRRSSS;SSSS;SSSS;SSDSS;RSRSRSSRSA;RSSSS;ARSSRRRSSS;SRRSSRSS;S/RS/RS/SR/RR/SR/R.SSSS;SSRSS;SSAS;SSSS;SSRSRRRSRSRR;ASSS;SRSSS;SRRSSS;SRDSSS;SSSS.SRRARR;SSSRS;SARSA;SSRSS;ASSA;SSRRSS;RSRRR;SSRRSRSS,6-7(5) 6-4 6-2,1,132
10439487,02 Jan 17,ATPChennai-AircelChennaiOpen,ATP,Main,Borna Coric,Hyeon Chung,2,RSRRR;SRRSRR;SRRSRSSS;DSSRDSRSSS;RRSSSRRD;SRRSSS;SSSRS;SSARS;RRSSSDSRSRRSRR.DSSSA;ARRSRSSRRSSRRSSA;SRSSRRRSSRSS;RRSRSSRSRSSRSS;RSRRSSSA;SSSS;SASS;RSSRSS;RADARR;RSRRR;SSSRS;RRRR,6-3 7-5,1,120
10435371,03 Jan 17,ATPChennai-AircelChennaiOpen,ATP,Main,Guillermo Garcia-Lopez,Aljaz Bedene,2,SSSA;SSSS;RSRSSS;RDDSSASRRASS;SSSS;ASRSS;SRRDSR;SRASRRSS;RSRRR.SSRARS;SRSRSS;SARSS;RSSRSRRSSRRD;SASRS;RSSRSS;RRSSSS;SSAS;RSSDDSSS,6-3 6-3,1,74
10435378,03 Jan 17,ATPChennai-AircelChennaiOpen,ATP,Main,Casper Ruud,Renzo Olivo,2,SRSDSS;SSDSRS;RRSSDSSS;SSRSA;SSSS;SAAS;SSSS;SSDSS;SSAS;SSRSRS;SSSRRS;SSAS;R/SS/RS/RS/RS/S.RSSSRRSS;RSSSRS;SSSRS;RRSRSSSDSS;RRSSSA;RRRSSSRR;SRSSRS;SRSRSRRR,7-6(3) 6-2,1,78
10435373,03 Jan 17,ATPChennai-AircelChennaiOpen,ATP,Main,Radu Albot,Yen-Hsun Lu,2,SRSSRRRR;SRRSSDRR;RRSRSSSA;SSSS;RSSRDR;DRASAS;SRRRSSRR;SSSA.SSRRSS;SSSS;RRSRR;SSAS;RRSRR;RSDSSDSS;RRSRR,6-2 6-1,1,63
10435374,03 Jan 17,ATPChennai-AircelChennaiOpen,ATP,Main,Benoit Paire,Konstantin Kravchuk,1,SSSS;SDRDSSSS;SRSDSS;ASSRA;SRSSDRSS;RASRRR;SSRSRS;SSSA;SDSRSRAS.DSSAS;SSSDRRAS;RRSSSS;SSSS;ADSRAS;SSRSS;RSRSSRRR;SASS;DRDSASRASS;RDSSSS,6-3 6-4,1,64
10439506,03 Jan 17,ATPChennai-AircelChennaiOpen,ATP,Main,Ramkumar Ramanathan,Yuki Bhambri,2,SDSRRR;RSSSS;RRRSR;SSSS;RSRSSS;SSRSS;RSRSRSRSRR.DSDSRSSS;RDRSAR;SSRSS;ARRRR;SSSS;SSSRDS;RSSSS,6-1 6-1,1,52
10435377,03 Jan 17,ATPChennai-AircelChennaiOpen,ATP,Main,Rogerio Dutra Silva,Dusan Lajovic,1,RSDSAS;SRSRSS;RSRRSR;SSSS;ARRASA;RRSSDSSRRSRSRSRSRR;RSRSRSAS;SSRSS;DASSS;RSSSRS;SASS;SSRRSS;A/RR/SS/RS/RS.SSSS;SSRRSRRSSA;RSRSSS;RRSSSRRR;SSSS;RSRSRSSS;DSSRSRSRRSSRRSSRSS;DSSSS;RSRRSR;RRRR.RSRRR;SRRSSRSS;SSRRSS;SAAS;SRRSSS;SSDSS;RRSSRSAS;SSRRSRSRRR;RASRSS;SSSS;SSSS;RRASSS;R/RS/SR/SS/RS/S,7-6(2) 4-6 7-6(3),1,152
10435376,03 Jan 17,ATPChennai-AircelChennaiOpen,ATP,Main,Mikhail Youzhny,Saketh Myneni,1,SRSSS;SARDSA;RSSSS;SSRSS;SSRRRSSS;SRRSSDAS;RRSSSS;SRSSS;SSSS;SRSSRDRSRSSRRR.SSRSRRRSSS;DRSSRR;RSRSSRSRSS;RSSRRSSRRSSRRSRSSS;SASS;ASSS;SSRSS;SSSS;SSSS,6-4 6-3,1,85
10443417,04 Jan 17,ATPChennai-AircelChennaiOpen,ATP,Main,Steve Darcis,Albert Ramos-Vinolas,2,SSRRSS;SRSSRS;RSRRR;SSSS;SSRRRSRSRR;SRSSS;SRSSS;SDARSRSRSS.RRRSR;SRSRRSSDRSSS;DSRSRR;SSDRSRRSSS;RSRRSR;SRSSRS,6-2 6-0,1,63
10447884,04 Jan 17,ATPChennai-AircelChennaiOpen,ATP,Main,Yen-Hsun Lu,Daniil Medvedev,2,SRSSS;RRSSRASRSRSRSRSRSRRSSS;SSAS;SSADS;SASS;RSSSRRSS;SSSS;SSSS;RRRSR;SSSS.RRRR;RRSSRR;RRRSR;SRRRAR;SRRSSRRSDSSRSRSS;RRSSSS;DDSRR;ASARRRAS;RRSRR,6-4 6-3,1,84
10443633,04 Jan 17,ATPChennai-AircelChennaiOpen,ATP,Main,Jozef Kovalik,Marin Cilic,1,SSSRS;SSSRRRRSSRARARSA;RASADRSRSS;SSSS;SRRRSSSS;SRSAS;SSRSRS;SRAAS;SRSSRS;ARSSDS;SSSRS;SARSS;S/SS/SD/RS/SS/RS/S.RRSSRSSA;RSSRSRRR;SSRSRS;SSSRS;SSSA;SRRSRSRSAS;RRSARSSRDR;RSSSS;ASSS;RASSS;RSSSS;SSRRRR.ARSSRS;RRASSRRSSS;ASAA;SSRSS;SRSSS;SRSSS;SARSS;RRSSRSSA;SSSS;RSSSS;SRRRR;RSSRRSRSRSAS,7-6(5) 5-7 7-5,1,168
10443632,04 Jan 17,ATPChennai-AircelChennaiOpen,ATP,Main,Dudi Sela,Hyeon Chung,1,RRRR;RSSRRR;RSSSS;SRRASRRR;SRSSRS;SRRSSS;SRRRSSAS;RDRD.SRARRSSS;SASRRS;SSDRSS;SRRSSRRSRR;SSSS;SRRSSRRSSS;SSSRS;RSSRRR,6-2 6-2,1,65
10448327,05 Jan 17,ATPChennai-AircelChennaiOpen,ATP,Main,Renzo Olivo,Mikhail Youzhny,2,SDSRARSRRR;SRSSRRRR;RRRSSR;SSSS;RSRRR;SRRSSS;RSRSRR.RRSSSRSRRSSS;SRSSDRSS;SRRSSRSRSS;RSSSRRSS;SSSS;RSRRSSSS;RRSSSDRSSS;SSRRSS;SSSRS;SSDSA;SSSS;RSSRRD,6-1 7-5,1,87
10448347,05 Jan 17,ATPChennai-AircelChennaiOpen,ATP,Main,Roberto Bautista Agut,Rogerio Dutra Silva,1,SSAS;SSSS;SSRSS;SSSS;SSSDRS;RRRR;RSSRSS;RSSSA;SRRSSRSS.AARSA;SSSS;RSRSSRSRSRAS;RSRSRSDSSRSS;SRSARDRSRR;ARSSS;RRSSRSRR;SRSSS,6-3 6-2,1,74
10448185,05 Jan 17,ATPChennai-AircelChennaiOpen,ATP,Main,Benoit Paire,Yuki Bhambri,1,RRSSSS;SRRRR;SSSRS;SSSS;RSSRSRRAARRSSA;RSDRSSSRRSRSSS;SSSS;SRRSSS;DASRSRRSSDSDAA.SSSS;RRARSSARRSSS;SDSRSRRSSS;SSSS;RRSRSR;RSSRRSARSS;SRSRRSSRSRSRRSSS;RSSSA;RSSRRSSRSS;SSRSA,6-3 6-4,1,85
10447772,05 Jan 17,ATPChennai-AircelChennaiOpen,ATP,Main,Martin Klizan,Aljaz Bedene,2,RSSSS;RSSAA;SSRRSRSRRSDSSS;RSSRDAAS;SSSRRS;ARSRRR;SSSDS;SSRSS;RSSRRSRSRSRARSRR;RSSAS;SSSRS;RDSSSS;R/RA/SS/SS/RR/S.RRSRR;SSSS;ASSS;RSSSS;ASSA;RSSRRR;ASRSRS;SSSRS;SRSRRSSRSRSA;SSSRS;SSSRRA;SRRSSRSRSS;S/SS/SS/SS/RR/S.SRRRR;SDSSRS;ASRRSS;SSRSS;RSRSRSSS;RSSSS;SSSA;DSRSSRRR;SRSSA;RRSSSRSS;SSRSRS;RSSSS;S/SS/RS/SA/DR,7-6(3) 6-7(3) 7-6(2),1,184
10435871,02 Jan 17,ATPDoha-QatarExxonMobilOpen,ATP,Main,Jiri Vesely,Anil Yuksel,1,SRAAS;RSRRSSRR;SAAA;RDSSSRRSSS;SASA;RRSSSRRSRSSS;SARSRA;SSRRSRRR.DSSAS;SRSSRRSS;SSSS;SSRSS;SSSS;RRSSSRRSRR;SSAA;SSSA;ASSDS,6-2 6-3,1,64
10435866,02 Jan 17,ATPDoha-QatarExxonMobilOpen,ATP,Main,Facundo Bagnis,Dustin Brown,2,RRRSR;SSRSRS;SSDSS;RASSS;SDRRR;RSSSS;RRRD.SSDSRS;SASS;ASSA;SSARS;SRASDS;SSSDS;SRRSSS;SRRSSRRASS;SRSRRSSS;SRSSS;SSSRRA;DSRSSS;R/SD/RR/SS/SR.RSSRSA;SSRRAS;SSDSS;SRSDSS;SSAS;SSSRS;SRARRARR;SSAS;RRRSSSRSSS;RSDSRSSS,6-1 6-7(2) 6-4,1,104
10435861,02 Jan 17,ATPDoha-QatarExxonMobilOpen,ATP,Main,Paolo Lorenzi,Nicolas Almagro,2,SRRSRR;SRRSSRAA;SRSSS;SSSA;SRSSRS;SSSRRS;SSSS;SRRRR;SRSSS;SRRRSASRSS;RRASSDAS;SRRSRSSS;S/SR/RR/SA/RR.SASA;RSSSS;RSASRDSRAS;RRSRSSSS;DRSSRR;DRSRSSAS;RRRR;RSDSRR;RSSSS;SASS.RSSSS;SRSRSS;SARSS;SSRSA;RRASSRAS;SSRSS;RSSRSS;RRRR;SSRSRS,7-6(2) 4-6 6-3,1,147
10435868,02 Jan 17,ATPDoha-QatarExxonMobilOpen,ATP,Main,Novak Djokovic,Jan-Lennard Struff,1,SSRRDR;SRDSAS;RRRR;RAAAS;RSSSS;RSASS;SSSS;RSRRSR;RSSSS;RRRSR;ARSSS;RSSSS;S/RR/SA/SR/S.SRRRR;DDRSSSSS;RSSRSRSRRSSS;DRSSSS;ASRSS;SSSA;SRASRRRSSS;SSAS;RRARAR,7-6(1) 6-3,1,86
10435864,02 Jan 17,ATPDoha-QatarExxonMobilOpen,ATP,Main,Horacio Zeballos,Florian Mayer,1,RSSSS;SSRRRSRSRSSRSA;SRRSRSSRSA;ASRSA;RSSSS;SSSS;RSSSS;SSSS;SSSS;SARRAS;SRSRARSRDSSS;SRSSA;R/RS/DR/SS/SS/A.SRSRRSRARSSDSS;RSSSS;SSSS;SSRSS;RSSSRS;ASRSRS;RRSRR;SASS;RRSSSS;SSAA.SSSRRA;RSRSSRSS;ASSA;SSSS;RSDRR;SSSRRDRSSA;SSRSS;RSSRSS;SSRSRS;RSRRD;ASRRSS;SSSS;R/AS/RD/RR/SS/RA/AS/SS/SS/SS/R,6-7(3) 6-4 7-6(9),1,157
10435870,02 Jan 17,ATPDoha-QatarExxonMobilOpen,ATP,Main,David Goffin,Robin Haase,1,RSRRSR;RSRRR;ARRRASRSSS;RRSSSS;RSRSRSRR;RRRSR;SSAS;ASSRA;RRSRSSRARSRSSS;SSRSS;SSRSS;SSSS;S/AS/RS/SR/SS/RD.RSRSAS;ARARSRSS;SSSA;SSSS;RRSARR;SSSS;RSSRSRARRR;SSSS,7-6(4) 6-2,1,89
10439365,02 Jan 17,ATPDoha-QatarExxonMobilOpen,ATP,Main,Mohamed Safwat,Arthur De Greef,2,RRSSRR;ASSS;SSDSRS;SSSS;RSSRSA;RSDSSS;SSSS;SSSS;AASRS;RSRDSSRSRSRR;SRASS;RSSRSS;R/AR/RS/RR/RS/SR/RA/SR/RS/R.RRSSSRSS;ASSRS;RSSSRS;SRRSSS;RRRSSSSS;SSARA;RRSSSS;ASRSA;RRSSSS;SSSS;RSRSSS;RSSRARRSRR.ASAA;SSSS;RSSSS;SSSS;SSARS;SSAS;SSRSS;SASS;RSSRSRSS;RSRRSSRR,6-7(8) 7-5 6-4,1,142
10439367,02 Jan 17,ATPDoha-QatarExxonMobilOpen,ATP,Main,Vasek Pospisil,Fernando Verdasco,2,SSSS;RSRRR;AASS;RSSSS;RSSRRSSA;SSRSS;SRSSRRRSRR;SRSSRS;SARRSS;SSSS;ARRRR;SRSSRS.RSSRRSRR;SSSS;RRSRD;SSRSS;RSRRR;SSRRSRSRSDSS,7-5 6-0,1,75
10435863,03 Jan 17,ATPDoha-QatarExxonMobilOpen,ATP,Main,Philipp Kohlschreiber,Malek Jaziri,1,SRSRSS;SSSS;SRRRSSSS;RARRSSSRRR;SRARRSARSS;ARRRSSSS;SSSDS;SDRRR.DRSSRR;RRRSSSSS;RSRSSS;SRRASS;SRRSSS;SSARRS;ASRSRRSRSS;RRSRR;SDRSAS;RDSRSSSDSRAS;RSSSS;DRSSSRSRSS;S/SR/SS/SR/SR/R,6-2 7-6(3),1,102
10435865,03 Jan 17,ATPDoha-QatarExxonMobilOpen,ATP,Main,Paul-Henri Mathieu,Gerald Melzer,2,RSAAS;RSRSSS;RSSSS;SSSS;SSRSRA;RSRSRASRSS;SSSRS;SRSRRSSA;DRRSR;RRRSR;SSSS;SSSS;S/RS/SS/RS/SA.SRSRSRRARASS;SRSSS;RSSSS;RSRRASRR;SSADRA;ARSSRRSRSRSRSRRD;SRRRR;RRRSSSSRSS;SSSS.DRRR;ASRRRSRARR;RDRR;SADSA;RRSRR;SAAS;RSRSSRSA;SRSSRDSS,6-7(2) 6-3 6-2,1,120
10435869,03 Jan 17,ATPDoha-QatarExxonMobilOpen,ATP,Main,Karen Khachanov,Mubarak Shannan Zayid,1,SSADS;SSSRS;SSAS;RRRSR;ASRSS;RRRSSSDARR;RSSRSS.SSRSRRAS;ASSS;RRRSSR;SSSS;RSRSRSRSAS;SRSSS;RRSSSS;SSSRS;SSSDRRSRSDDR,6-1 6-3,1,57
10435862,03 Jan 17,ATPDoha-QatarExxonMobilOpen,ATP,Main,Jo-Wilfried Tsonga,Andrey Kuznetsov,1,SSSS;ARSRRR;SSRRSS;RRSSRR;ASAS;SRSDRSSS;SRASS.RSSSS;RSSAS;ARSRSA;SDSSS;RSSRAS;ARASS;SSSS;SSSS;RSASS;SSRRRR.SRSSS;SRSSS;SRSSS;SASS;SRRRR;SRSRAA;RRSRR;DSRSRSSS,6-1 4-6 6-2,1,86
10435860,03 Jan 17,ATPDoha-QatarExxonMobilOpen,ATP,Main,Ivo Karlovic,Illya Marchenko,1,SSSS;SSSS;RAASDA;SSSRRS;ARSSS;SSSS;ASRSS;DSSSS;SSSRS;SSSS;DSSDSS;SSSA;R/RR/RS/SR/RA/SR/A.SSSRS;SSSRS;SSRSRS;SSSS;SSRSRS;RSSRRSSA;SASS;RSDASA;SSRRSS;SSSRA;SRSRSS;SSSS;R/SS/RR/AA,7-6(5) 7-6(0),1,94
10435867,03 Jan 17,ATPDoha-QatarExxonMobilOpen,ATP,Main,Andy Murray,Jeremy Chardy,1,RSRSSS;RRDSD;SSAS;RRSRR;SRSAS;DSRSRR.SRSSDRSRSRRR;DRSRSD;SASS;SSRRAA;SSSRS;SRSRSRSDSS;SASRS;SRDSSRSRRSSS;RSSSS;SRRSSS;SASS;SRSRSS;S/AS/SA/RR/SS,6-0 7-6(2),1,81
10439507,03 Jan 17,ATPDoha-QatarExxonMobilOpen,ATP,Main,Tomas Berdych,Alessandro Giannessi,1,SRRSAS;RSRSRASDSRAS;SRSSRA;SASS;SARSRS;RRSSRSSRARAS;SSSS;SRSRSS;SSSRS;RSSRSS;SDSSS;SSSS;S/SR/SS/RR/S.SSSS;RSSSS;SRSRSRRR;SSSDS;RSARRR;SSSA;SSSDS;SSSS,7-6(1) 6-2,1,80
10448181,04 Jan 17,ATPDoha-QatarExxonMobilOpen,ATP,Main,Nicolas Almagro,Philipp Kohlschreiber,1,SSSS;ASSRS;SSSA;SSARS;SRSRSS;SRRSRR;RRSSAS;ASSS;RRRR;RSSARS;SDSSS;RSSSS;S/RS/SR/SS/RA/RR/A.SSARRS;SSRSS;SSSDRA;RRSSSRAS;RSRSSS;ARRARR;SRSSS;SRSSRS;SRRSARRR;ASRAS;SSRSS;RASSRS;S/SS/SR/RS/SS/SS/SR/S,7-6(5) 7-6(6),1,105
10443737,04 Jan 17,ATPDoha-QatarExxonMobilOpen,ATP,Main,Fernando Verdasco,David Goffin,1,SSAS;SSSS;RASSS;RRSSRSRR;RRSRSSRSRSSA;RARSRR;RRSRSSRSSS.SSSA;SRRSRSSA;SRSSS;SSRSRRSS;SSRSRRSRSS;SRSRRSSS;SRSRSRRR;ASDRSS;SRSRSRRSSS;RDSRR;RRSRSR;SRRRSASRSRRSRR;R/RS/SR/SR/RS/SR/SR/S,6-1 7-6(6),1,101
10443736,04 Jan 17,ATPDoha-QatarExxonMobilOpen,ATP,Main,Radek Stepanek,Arthur De Greef,1,SRSSRS;RRSSSRSDRSARSS;SSRRSS;RASSS;SRRSSS;RRRR;SRRSSS;SDRARSSRSRSS;SRRSSS.RRSRSD;RRRR;SRSSA;SSSDS;RSRSRSRR;SSRSS;RRRAR;RRSRSSRSRSSRSS,6-3 6-2,1,78
10448438,04 Jan 17,ATPDoha-QatarExxonMobilOpen,ATP,Main,Tomas Berdych,Jiri Vesely,1,SRARAS;SSARS;SRRSRSSS;RSSAS;ASRSS;SASRS;DSASA;RAASRS;SSSA;ARSRSS;SSSS;SSRSA;S/SS/RS/RR/RR/RR/A.ASRSRRSS;SSSS;RRSSSS;SRSDRR;SSSRS;SRRSDARR;SRSSRS.SRSRSS;SSSRRRRR;SRRSSS;RDSRD;SAARA;RASSRRSS;SRSSRA,7-6(5) 1-6 6-1,1,105
10443724,04 Jan 17,ATPDoha-QatarExxonMobilOpen,ATP,Main,Novak Djokovic,Horacio Zeballos,1,SRSSS;RSSRAS;RSSSS;RSSRRD;SRASA;RSRAAS;SASS;SSRARRSS;DSSSS.SSSS;RSSAS;RSSSRS;RSSSS;SRSRDR;SSSS;SRRSSS;RSSSS;SRSSRS;SSSS,6-3 6-4,1,71
10448378,04 Jan 17,ATPDoha-QatarExxonMobilOpen,ATP,Main,Andy Murray,Gerald Melzer,1,SRSSA;SSDRSRSRSS;RRRSR;ARRSRR;ASRRSRAS;SRRSSDSRSRRR;SRRSRR;RSRSSS;SRSRSRRSSS;RARRSSSS;SSSRA;RSRRSSSS;A/RR/SS/SS/SR/SS/RA/R.RRSSSS;SSSS;RSSSRS;RSSSRS;SRSSRRSRRSSS;SARAA;RSSSRRRR;SSSS;DSRRSSSS;RSRRSR;RRRSSSRR;RSSSS,7-6(6) 7-5,1,142
10448331,04 Jan 17,ATPDoha-QatarExxonMobilOpen,ATP,Main,Karen Khachanov,Ivo Karlovic,2,SAAS;SSDSS;SSRDSRSS;SRSSS;RSSSRS;SSAS;SASS;SASS;AASS;SSAA;SRSSA;RSDADADARSSA;A/SS/SS/SS/RD/S.SSSS;SSSRA;SASA;SSSDS;SARSS;SSSDS;ARSSS;SSSA;SSRRAA;RSSAA;RSSSS;RSSAS;A/RR/SR/AR/RA/R,7-6(3) 7-6(3),1,89
10448281,04 Jan 17,ATPDoha-QatarExxonMobilOpen,ATP,Main,Jo-Wilfried Tsonga,Dustin Brown,1,SSSS;RSRRR;RSSARRAS;RRSRSR;SSSS;SSSS;AAAA.SSRSS;SDSSA;RSARRR;SSSS;RSSRRSSS;ASRSRS;RSSSS;SSAA;RRRSR,6-1 6-3,1,44
10452780,05 Jan 17,ATPDoha-QatarExxonMobilOpen,ATP,Main,Ivo Karlovic,Fernando Verdasco,2,SAAS;RSSSS;RRSRSR;SRSSA;RSRDSR;SRSSRS;RRDSASARAS;SSRSS.RAARRSSS;RSSSDS;SSSA;RSRSSS;DARARSRSRSSA;RSRSSS;ARSSRS;SSRRRSAS;SRRSAS;SSRSRS;RSRRR;RSSSS,6-2 7-5,1,83
10452682,05 Jan 17,ATPDoha-QatarExxonMobilOpen,ATP,Main,Novak Djokovic,Radek Stepanek,1,SSRAS;RRRR;ARSDRSSS;SDRSSRSRSRRSSS;SSDSS;SASRDRSS;SRRRSSSRRR;RSSRSDRR;RSSSRS.SRRRSD;SSSS;SSRRSS;SRSSRRSS;SSSRS;SSSRA;RSSSA;SSDSS;RSRRD,6-3 6-3,1,90
10452800,05 Jan 17,ATPDoha-QatarExxonMobilOpen,ATP,Main,Andy Murray,Nicolas Almagro,1,RRRR;RSRSSA;RSSSS;RRRSSSSS;RSSSS;SSSS;SSSA;RSSRDR;SSSS;RSDSSS;RSRSARSS;RSSRAS;S/RR/SR/RS/DS/SR.SSSRRRRSAS;SSSA;RDRSR;SRSRRSRSRD;SSARS;SRSDSRSS;SSRSS;SRSSRS;RSRSRSSS;SSSRRS;SSDRSRRSRSRSRR;SRRSRSSRAS,7-6(4) 7-5,1,129
10452814,05 Jan 17,ATPDoha-QatarExxonMobilOpen,ATP,Main,Tomas Berdych,Jo-Wilfried Tsonga,1,RSSSS;SRSSS;SSSS;SSRSS;RSRSSRRSSS;SRSSS;SRSSS;SSSS;SSRSS;SSSRS;SSSRS;RSRSRSRR.SSSRRRRSSS;SSSS;SRSSS;RRSRR;SRRSRSSS;SRSRSS;SSSS;SSRSS;SSRSRRSRRSSRRSSRRSRSSRSS,7-5 6-3,0,88
10419064,01 Jan 17,HopmanCupMens,ATP,Main,Adam Pavlasek,Jack Sock,2,RRSSSS;SASS;SRSSRS;SSRRSS;RSSAS;SDSSS;SSRRSRSS;DSSRSRSDSS;SRSSS;RSSSS;DRRSSR;SSSS.ASRSS;SRDRR;SRRSRSSRSRRSSS;SRRRSSSS;SSSS;SSRRSS;SAAS;SDSSS;RRSAARSRRSSS.DSSSS;SSARS;SSSS;RRSRR;SSRRSS;SRRSAS;DSSSDS;SSSS;SSSA,7-5 3-6 6-3,1,112
10419063,02 Jan 17,HopmanCupMens,ATP,Main,Richard Gasquet,Alexander Zverev,1,SSRRSS;ASRSRS;SSRSS;SRSARS;SSRSS;SRSSS;RRRSR;RRSSRSRR;RSRRSSSS;SSSS;RRSSSS;RSSARDRR.SSSS;SRRSRSARRSSS;SSSS;SRSSS;SSAS;ASRRRSRR;RSSSS;SSRSRDSS;SSARS,7-5 6-3,1,86
10419061,02 Jan 17,HopmanCupMens,ATP,Main,Roger Federer,Daniel Evans,1,SSDSS;SSSS;SSSS;RSSRRSRSSS;ASRSRS;SRRSRR;SRDRSSAS;SSSS;SSSS.SRRRSSRR;SSRSS;RRASRSSS;SSSS;SSARS;ARSSRS;DSSRRSSS;RSRSSS;SSSRS;SSSS,6-3 6-4,1,61
10439710,03 Jan 17,HopmanCupMens,ATP,Main,Adam Pavlasek,Nick Kyrgios,2,SSRSRS;SAAS;RSSSS;ASSS;RSSRRSSS;ASSS;SRRSSS;SRSAS;RADASS;DSSSDDAS;RSRRSR;SASS.RSSRAS;SSSRS;SRASS;SSRSS;RSSRRSRARSRSRSSS;RASSS;SRASS;SSAS;SRRSRSSRSRSRSRRR;SRRASS,7-5 6-4,1,76
10448024,04 Jan 17,HopmanCupMens,ATP,Main,Daniel Evans,Richard Gasquet,2,SSSS;SSSS;DRSRSSRSRSRR;SSSS;RRSSRSRSAS;SDRSSS;RSRRSSARSS;ARSSRRSS;SSARDRSS;SRSDSRSS.RSSRRSRR;SSRAS;SRASS;SSAS;RSSARRRSSS;SRSSS;RRDR;ASDAS,6-4 6-2,1,80
10448023,04 Jan 17,HopmanCupMens,ATP,Main,Roger Federer,Alexander Zverev,2,SSAS;DSRSSS;RSSSS;SSSS;ASSS;SSRSRRRSRR;SRRSRSRARSSS;SSDSS;RRSARR;SSRRSS;RSSSRS;SASS;D/SR/RR/SA/R.SRRRSSSS;SSSS;ASRRSS;SSSS;SSRRAS;SSSS;DSASS;SSRRSS;SARSS;SSAS;RSRSAS;SSRRSS;A/SR/DR/SR/RS/AS.RSSRSS;ASSRS;RSRRSSSS;SSSS;SRSSS;ASARS;SSSRS;SSARS;RSSRSRRSSRSRSS;SRSAS;SSRARS;SDSSS;R/SR/SR/SS/SS/SS,7-6(1) 6-7(4) 7-6(4),1,150
10448019,05 Jan 17,HopmanCupMens,ATP,Main,Feliciano Lopez,Adam Pavlasek,1,RRSRR;SSSS;SASS;SARSS;SSSRRS;RSRSRSRR;RRSRSSSS;RSSRSRRSSS;SSSS;SSRSRS;DSSRRSAS;SRSSS;R/SS/SS/SA/SA/RR/S.RSSSRS;ASRRSRSS;SSSS;SRRSRSSS;RSRSSS;SDRSSRSS;SRASS;ASSS;RDSDSR;SRSSS,7-6(5) 6-4,1,86
10448021,05 Jan 17,HopmanCupMens,ATP,Main,Nick Kyrgios,Jack Sock,2,RSRAAS;ASSRRRSS;RRRAR;SSAS;SDASS;RSASS;RRSSDR;RRRSAAAS.DSRRSR;SASS;ARSRRARR;ARSRSRDR;SRASS;RSSARRRASS;SRSSRRRR;ASSS,6-2 6-2,1,48
10466985,08 Jan 17,ATPAuckland-ASBClassic,ATP,Main,Steve Johnson,Stephane Robert,1,RARSSRSS;RSSSDRSS;RRRR;SDRRSSSS;SASS;RRSRSSSRSA;SSRDRSSA;RSSRSRSRSDSRSRRD;SAAS;RRSRR.ASSS;SSSRS;SSDSS;RRSSSS;SASRS;RDSSDR;DSAARRSS;RASSS;ARRSSRSRSS,6-4 6-3,1,-1354
10470527,09 Jan 17,ATPAuckland-ASBClassic,ATP,Main,Finn Tearney,Robin Haase,2,RSRSSS;SRRRSR;SRSSS;SRSSRS;RRRSSR;RSSAA;RRSRSR;RSRSRSSS;SSAA;AAAA.SDSSRRSS;SRRRR;RSDSRSSS;RDSRSSRSRASA;SRSRSS;RSDAAS;SSRRRR;DSSARS;RSRSAS;RSSSRA;SDRRR;RSSSA,6-4 7-5,1,79
10466987,09 Jan 17,ATPAuckland-ASBClassic,ATP,Main,Horacio Zeballos,Jiri Vesely,2,SSRSS;SDSADS;SSSA;RASSDA;RRRR;SSAA;SSSS;DSRRASRSSA;SSAS;SRRAAS.SRRSSS;RSSRSDSS;RSSAS;RSSRSS;RSASS;RSDSSS;DRDSR;SRSRRSSRRSSA;SRSSRRRSRR,6-4 6-3,1,81
10466991,09 Jan 17,ATPAuckland-ASBClassic,ATP,Main,Malek Jaziri,Diego Sebastian Schwartzman,1,SRSSS;SRSSS;RSRRSR;RSSRRSSS;SSRDSRSRSS;RRRSR;SRSSA;SRSSS;SSARS;SSSRRDSS;SSSS;RSSSS;S/SR/SS/RR/S.SSSS;RSSSRRSS;RSSRSRSS;SSRSS;SRDSRSRR;SSRAS;SSSS;RSRSSS;SSSRRRRSRR,7-6(1) 6-3,1,92
10466988,09 Jan 17,ATPAuckland-ASBClassic,ATP,Main,Michael Venus,Feliciano Lopez,2,RSRSARRSSA;SSRSS;SRSDAS;RSSSA;SSDSRA;SRRSRR;RSRSSS;RSSSS;RSARSRRSSRSS.SARDRSSS;SSSRS;SDSSA;SRSSA;ARSRSS;SSRSRS;ASRSS;ASSRS;SSRDRSRSAS;RRRSSSSDRR.SSRSRA;SSARS;RSSRSS;SSSRRS;RASRAA;SRSSS;RASRSS;RSRRR;RDRSSSSS,3-6 6-4 6-3,1,103
10470528,09 Jan 17,ATPAuckland-ASBClassic,ATP,Main,Michael Mmoh,Dustin Brown,2,SASRRRRSRSSS;SSAS;RSSDSA;SSSA;DSRSRR;DRDSASSRRR;SRSSA;RSSAS;SSSS;SRRRSSSRSS;SSSS;RSRRSSSA;R/SR/SA/SS/SR/SS.RSSRRASA;SSSS;SSRRSRSS;SAAS;SSAA;RSRRSASS;SRRSRR;SARSS;RSRSRSSRRR.SASS;SRSSRA;SRSSRS;DRSSSRRSSRSS;RSSSA;SSRSS;RRSSRARR;SASA;SSSS;SSSS,7-6(4) 3-6 6-4,1,111
10466984,09 Jan 17,ATPAuckland-ASBClassic,ATP,Main,Joao Sousa,Albert Ramos-Vinolas,1,SSAS;SSAS;RSRSSS;RARSSRSDRSRR;SSSS;RSSRRR;SSDRSS.RRRSR;SSSS;SSDSS;SRSSA;SRRRSSARRSSS;RRRR;RSSSS;SSRSS;RSSSS;SDRRSSSDSS;SRDRR;RSSSRS,6-1 7-5,1,-1352
10470534,09 Jan 17,ATPAuckland-ASBClassic,ATP,Main,Facundo Bagnis,Brydan Klein,2,SDRSSS;SSSRS;SRSDRSSRSDRR;SASRA;RDRR;ASSRA;RSRRAR.SSSA;SSSRRS;SASA;SSSS;SDSSS;SSSDS;RADSSRRSSS;RASSS;ASSRRRSS;SSRSRA;SARRSS;SRSSRS;S/SR/SS/RS/AR/SS/RR/S.SSSDS;SSAS;SRSRSA;SARSRRDR;DSRSSS;RSSSS;SSSS;RSSRSRRSSS;RDSDSR;SSRSS;SAARS;SRSSA;S/SS/RR/SR/RS/S,6-1 6-7(6) 7-6(3),1,-1304
10470551,09 Jan 17,ATPAuckland-ASBClassic,ATP,Main,Ryan Harrison,Guillermo Garcia-Lopez,1,DSRRSAAA;SRRRSSSRRSRR;SSSRA;SSSRRRSDSA;RSRSSA;SSRRRSSRDSRSRR;RSSSS.RSSSRS;SSSS;DSSSA;SASRA;RRSSRR;SSSA;SRRSRR;SSSA,6-1 6-2,1,-1374
10466990,10 Jan 17,ATPAuckland-ASBClassic,ATP,Main,Yen-Hsun Lu,Karen Khachanov,1,SSRSS;DSSSRS;SSSA;ARSSRS;RRSSSRSS;RRSRSSAS;SSSRDRSS;SSAA;RRSRSSRSRR;SRSSS.SSSA;SDASS;RSRRSR;RASRRR;SSSS;SSSRS;SSSS;SSSS;RRRSSSSA;SSSA;RRSARSSS;RSSSA;S/RS/DS/SR/RR/RR/S.DSSRRSSRSA;ASSS;RASRRR;SDSSA;SSAS;SSSS;SRSSS;SSRSS;ASARS;SRSRSRSDRSRD;SSRAS;SSSS;S/SS/SS/SS/RS/RS/SA/SS/SS/SS/R,4-6 7-6(5) 7-6(9),1,158
10466989,10 Jan 17,ATPAuckland-ASBClassic,ATP,Main,Marcos Baghdatis,Adrian Mannarino,1,SRSSA;RRSSSRDSSS;RRSSRSSRRSSS;SSSRRRSS;RSRDR;RRRR;RRSSSRSRAS;RSSSRA;RSSAS;RRSSRSRSRR.ASSS;SSRAA;SRSSA;SSSS;RSSRSS;RSSRRSSS;RRSASRSA;RSSSS;RRSSSRSS;RSRRR,6-4 6-4,1,121
10466986,10 Jan 17,ATPAuckland-ASBClassic,ATP,Main,Artem Sitak,Jeremy Chardy,2,SSARS;SSSS;ASSS;DSSSS;DRSSSS;SSSS;SARRRR;SSSRS;SARRSRRSRSSRSS;SSRSS.SSSRS;SSRSS;SSSS;SSRSS;RSRRSR;SARSS;SRSDRR;RSSSRRSS,6-4 6-2,1,60
10474811,10 Jan 17,ATPAuckland-ASBClassic,ATP,Main,David Ferrer,Robin Haase,2,SSSDRS;SSRRSA;SSRRSS;SSRSRRDSRSRSSRSS;DSSSS;ARSRRR;RASSRRSS;SSRRDR.RSRSRR;ASARRS;ASRRRSRSSS;SRSSRRRSSRSS;SRSRSS;SSSS;RRSSRSSS;SSRAS;SRSSS;RSRRSSSS.RRRSSR;RRSSRR;SSSS;SSSA;ASSRRRSS;SARSS;SSRRSS;RSSSA;ASSRS;ASSA;SSSS;SRSSS;S/SS/SS/AS/RS/SS,2-6 6-4 7-6(4),1,-1319
10474826,11 Jan 17,ATPAuckland-ASBClassic,ATP,Main,John Isner,Malek Jaziri,1,SSAA;SSARS;SSRSRS;SRAAA;ASSRS;SSRSRS;SRSSS;SDRRSSSRRR;SASS.SSSS;SAAS;SSDDRSSRSS;SRAAS;SADSA;RRRSR;ASRSS;RSSAS;DSARSA.SRSSS;DSSAS;SSRRAA;RSSSA;RRSRSARASRSRSA;RSSSRS;SSSS;SARSS;AASS;ASRSS;SSSA;SRRSAA;S/SS/SA/SS/SS/SS/SS/R,6-3 3-6 7-6(6),1,116
10479489,11 Jan 17,ATPAuckland-ASBClassic,ATP,Main,Joao Sousa,Brydan Klein,1,SSDRAS;DSSSA;SSSS;SSDAS;SRSSRS;RRDR;RSDSSRSRSRSS;RSSDSA;SSAS.RRASSDRSSRSS;SSSRS;RRSRR;RSRSSRRR;RDRR;DRRR;RARSRR;SSSS;SSSS;SRSSA,6-3 6-4,1,72
10479519,11 Jan 17,ATPAuckland-ASBClassic,ATP,Main,Yen-Hsun Lu,Steve Johnson,2,SSSS;SSSS;RSSSRS;SSSRRA;SSSS;AASS;RRSSARRR;SSSDS;SSSS;SSSS.SRSAS;SRRSSDSS;SSRSDRSS;SSSS;SSSS;ASDSS;SSSS;SSRRSS;DSSSA;SSRRSDSS;SSSA;SSSA;R/SS/SS/SS/SS/SS,6-4 7-6(4),1,88
10480060,11 Jan 17,ATPAuckland-ASBClassic,ATP,Main,Dustin Brown,Marcos Baghdatis,2,SDSSRRSS;ASSS;SDSSS;SRRSRSSRSRSS;RSSSDS;RSRSRR;RSRRR;SRRRSSSS;RSSSS;DRARSR.RSSSA;SRRSARAS;SRSSA;SRASA;SSARS;SSSDS;SRRSSRSDRSAS;SSDDSRSS;RRSRSASS;SRSRSS;SSSS;SDSSS;D/SS/SS/SR/RS/SS.RSSSRS;SSSS;ASAA;RSRSRSSS;RSSSRS;RRSRSSSRSS;SSAS;RRSSSDSRSRSA;RRRSSSRAAS;SRRRSSRR,4-6 7-6(4) 6-4,1,125
10484131,11 Jan 17,ATPAuckland-ASBClassic,ATP,Main,Jose Statham,Jiri Vesely,2,SSSS;SSDRSS;SSSS;ASRAS;RASARA;SASRS;SSSA;SSSRS;SSSS;SAAS;RSSSRRSS;SSSS;S/SS/RS/DS/SS/SS/SS/R.DSRDSSARRSSA;RSSSS;RSSSRRRSDSAS;SSRSS;SSAA;SSRSRRRASS;SSRSS;SARSS;ASSA;RSSSS;SRSSS;RSRDR.SARARS;SDSAA;SDRSSS;RRRR;SSRSS;RSSSS;SRSSS;SSSS;SSSRS,6-7(6) 7-5 6-3,1,142
10479410,11 Jan 17,ATPAuckland-ASBClassic,ATP,Main,Ryan Harrison,Jack Sock,2,SRRSRSSRSRARRSRR;ARSDSS;SSRSA;ARSDRR;RRASAA;SSRRSA;SASA;SRSSS;AARSA;SSSRS;SRRSAA;SRSRRSRSRSSS;R/SS/SA/RS/SA/SS/R.ASARS;SSRSA;SDARRR;SSSS;SDRSSRSDSS;RRSSRR;RSSAS;SASS;SRSRRSARRR;ARSSS.RSRSSS;RRRR;SRSSA;SSRDRR;SSARRDSS;RSSSS;SASS,7-6(5) 4-6 6-1,1,119
10484115,11 Jan 17,ATPAuckland-ASBClassic,ATP,Main,Joao Sousa,Robin Haase,1,SSRSS;ASSRS;RSSSRRSS;SRRRAR;SSRSS;SSSRS;SRSSS;SSSRS;SSRSS.SSRSS;RSSSS;RRRSR;SRSAS;DDARSR;SRSSS;SRRSSRAA;SRRRSSSRSS,6-3 6-2,1,-1382
10484137,12 Jan 17,ATPAuckland-ASBClassic,ATP,Main,Steve Johnson,John Isner,1,RSSSS;SARRSS;SSAA;SSAA;RRSSSS;SSSS;ASSRS;RSARRARARSRR;RSSSA.DASAA;SSAS;SSSS;SSSDS;RAASS;RSRSSS;RSSSS;RASRRSSS;RARSRSRSSA;ADRASS;RRSSSS;RRASSRRR.RSSSA;SRSSA;ARDSSS;SSSS;SSSA;SSSS;RSRRSSRSRSSRSS;SSSA;SSSS;RSSSRS;SSRSRS;ASSS;R/SS/AA/SS/AR/S,6-3 5-7 7-6(3),1,133
10489214,12 Jan 17,ATPAuckland-ASBClassic,ATP,Main,Jiri Vesely,Marcos Baghdatis,2,RDRR;AASDA;RSSSA;SSRSS;RSSRRSRR;SSRSRS;SARSRRSS;SRAAA.SRSRRARASS;AASA;RSRRSR;SSAS;RRSSSS;SRSAA;SSRRAS;SSRSS;RSSSRS;SRSSRS,6-2 6-4,1,69
10484671,12 Jan 17,ATPAuckland-ASBClassic,ATP,Main,Jeremy Chardy,Jack Sock,2,SSAS;SRRSSS;ARRRSSRSSRRSSA;RSASS;RRDASSRSSS;SSSA;SRDRSSSRDASS;SASA;SASS;SSARS;SSDSRRSS;SRSSRRRR.ASRAA;ASSRS;SSRRSS;SRSRRSSS;RRSRSSRSRASRRASS;ARSAS;SARSRS;SRSSRRSRSRSA;RSSRRD;SSSDS.RSRRSD;SSRSS;ASSA;ASSS;SRSRSRRSRR;SRSSS;RSRSSRRSRSSS;ARDRAR;SSDRRSRR,5-7 6-4 6-3,1,129
10489223,13 Jan 17,ATPAuckland-ASBClassic,ATP,Main,Joao Sousa,Marcos Baghdatis,1,SRRSSS;RSDDSR;SSDSS;SSRRDR;SSSS;SASRS;SRRSRSSA.SSSRRS;RSSSS;SSRRSS;SSSRS;RSSSS;SSSS;RSSSS;SRSDSS;SSDSS;SSRRARSRSS;RRRD;SSSRRA,6-1 7-5,1,72
10489581,13 Jan 17,ATPAuckland-ASBClassic,ATP,Main,Steve Johnson,Jack Sock,2,SSSA;SSSS;ASSS;RSSRSDSRSS;RSSSRRSS;SRRSSS;SSSS;RSSSDS;SRRSRR;DSSRRSSS.SSSS;RRSSSS;SDRRR;SSRSS;SSSS;SRSRSS;RSSSA;RSSARS;SRDSDSDR,6-4 6-3,1,70
10494334,14 Jan 17,ATPAuckland-ASBClassic,ATP,Main,Joao Sousa,Jack Sock,2,SRSRSS;SSSS;RSSSS;SRSRSRSS;RSRSRSSS;SSRSS;RRSRSR;SRRSSS;RSRSRR.SSSS;RRSSSS;RSSRRR;RSRRSR;RSSRSS;SRSSRS;RSSSRS;SSRSRS;SSSS;RRSSSS;RRRSR;RSSSRS.SSSS;SSSRRRSS;SRSRRR;RSSSRRRSRR;SSSS;SSSS;SSSS;SRSRRR;RSSRSS,6-3 5-7 6-3,0,115
10452167,06 Jan 17,ATPBrisbane-BrisbaneInternational,ATP,Main,Stan Wawrinka,Kyle Edmund,1,SSSS;RSASS;RRSRSSSS;SSSS;SDRSSRSS;RSSSS;DRSSSRSRRAAA;SSSRS;RRRSSSSRSRRSRR;SRRSRR;RSSARS;RSRSSS;R/SS/RR/RS/SR.SSSRS;SSSS;ASSRRRSS;SRSSS;RSRRSR;RSSSA;SRSSS;SSRRSRSS;SRSSDS;SSAS.RDSRSSRSRSRR;SSSA;SSSS;DSSSRRRSSS;SSSS;SARRRSRSRSSS;SRRRSR;RSRRR;SSRRSS;RSSSS,6-7(2) 6-4 6-4,1,155
10451813,06 Jan 17,ATPBrisbane-BrisbaneInternational,ATP,Main,Jordan Thompson,Kei Nishikori,2,DDSRR;SRSSS;RSSRSS;SSAS;RSRSRR;SRRSSS;SRSRSRRSRR.SRSSS;RSRSRR;SASS;SRSRSRSS;RSSSA;RRRSSR;SRSSS,6-1 6-1,1,61
10455849,06 Jan 17,ATPBrisbane-BrisbaneInternational,ATP,Main,Grigor Dimitrov,Dominic Thiem,1,SSRDRSRSSS;RRSSRSRR;SSSS;RSSDARAS;RSSSS;SRSRSS;SRRRSSSS;SSSA;SRSRSDRSSRSRSRSS.SSSS;SSSS;SSSS;SRRRSSSS;RRSASA;RSRRSSAS;SSRSRS;SSSS;ASSS;RRRSSR.SRRDSSSS;SSSA;RSSRSS;SSAS;SRSSRRRD;SRRRSSSS;SSRSS;SSSRS;RDDSR,6-3 4-6 6-3,1,119
10456779,06 Jan 17,ATPBrisbane-BrisbaneInternational,ATP,Main,Milos Raonic,Rafael Nadal,1,SSARRS;SSRRRSSS;RRSASS;SSRSS;ARRRAR;SRSSRS;SSSRA;RSSSRS;ASDSDDRARSAS;RSSSRRSRSS.SSRSRS;SSAS;RASRSS;SRRSSA;RRSSARRSRSARSA;ASRRSS;ARSSS;RSRRR;AAAS.RRRSR;SRARAA;RSRSSS;RSRSRSSA;RRSSSA;ARSSS;RSSSS;SASA;SRSSRS;SSSS,4-6 6-3 6-4,1,140
10460542,07 Jan 17,ATPBrisbane-BrisbaneInternational,ATP,Main,Stan Wawrinka,Kei Nishikori,2,SRSAA;SSRSRRRSRSRSSRSS;SSSS;SRSSRRSS;ASSRRA;SRSSS;SSAS;SSSDS;RRSSSS;SRASS;AASRA;SSRSRS;R/RR/DR/SS/RS/S.SRSSS;SDSRSRSRSA;SSRRSS;RRSRR;RSRRSR;RRSRR;RSSRSS;RRSSSS;SSSS,7-6(3) 6-3,1,101
10461489,07 Jan 17,ATPBrisbane-BrisbaneInternational,ATP,Main,Grigor Dimitrov,Milos Raonic,1,SSSS;RSSSS;RADSSS;DSASS;SRSSA;SSSS;SRRSAS;SSSS;SSSA;RSSSS;SSSS;SSADDS;S/RR/RR/SR/RS/SS/SS/SR/S.SASS;SSSRS;RSRSARSS;SSRSRS;RRSRSSRR;SRSSS;RRRR;SRSSS,7-6(7) 6-2,1,87
10465903,08 Jan 17,ATPBrisbane-BrisbaneInternational,ATP,Main,Grigor Dimitrov,Kei Nishikori,1,SRADRSRSSS;SSRSS;SRRSRSSRSRSS;SSRSS;SSSRA;SRSSRRRR;SSSRS;RSRSRR.SRARSS;RSSRRSSS;AARSS;SRSSS;RRRSSR;SSAS;RRSARR;SSSS.SSSS;RSRSRSSA;SASS;RSSSS;RSSSDS;ASSRS;SSSS;SARRRR;SSSS,6-2 2-6 6-3,1,103
10452449,06 Jan 17,ATPChennai-AircelChennaiOpen,ATP,Main,Jozef Kovalik,Daniil Medvedev,2,RRRSSSRD;SRSARA;SRRRSR;RSSAS;RSSRSRRSSRSRSS;ASRRSRSRRSSA;SDRSRD.RSSAS;SSARS;ARSSA;SSRRRSSRSRSS;RSSDRSRR;SSAA;RSDSSS;SRSSRRDR;SRSRRSSS;SRSRRR,6-1 6-4,1,84
10452681,06 Jan 17,ATPChennai-AircelChennaiOpen,ATP,Main,Albert Ramos-Vinolas,Dudi Sela,2,SRDRSR;RSRARSSS;SSRRSS;SSSS;SRRSSS;SSSRRS;SSSRRS;RARSARRSAS;RASSRS;RSSSRRARSRDR;RRSSSRRR;RRSSSS.SRSRSS;ASRSRA;RSSSRRRR;SRSARS;SSSA;SSSRRS;SSSRS;RSRSSS;SRSRSS;ASSRS,7-5 6-4,1,104
10457331,06 Jan 17,ATPChennai-AircelChennaiOpen,ATP,Main,Benoit Paire,Aljaz Bedene,1,RSRSSRSS;RSRARSSS;SSAS;RRRSSR;SSDSS;SRRSAS;SRRSSS;SRSSS;SSRADRSS.RDARR;RSSSS;RRDR;AASDS;ASRDRSRR;SSSS,6-3 6-0,1,54
10456864,06 Jan 17,ATPChennai-AircelChennaiOpen,ATP,Main,Mikhail Youzhny,Roberto Bautista Agut,2,SSSS;SRRSRSRR;SSSRS;RRRSSSSS;SSSS;RSSDSS;SRSSS;RSSRRR.SRSRSS;SRSSS;SARSS;RRRR;SSRRSS;RSSSS;RASRDSSRRR;SSSS;SRSRRR;RSSSS.RSRRSSSRSS;SSSRRS;SSRSS;RRDR;RRRR;SSSRS;RRRSSSSS;SSAS;RRDSSR;RDSRSSSS,2-6 6-4 6-4,1,124
10461784,07 Jan 17,ATPChennai-AircelChennaiOpen,ATP,Main,Daniil Medvedev,Dudi Sela,1,RSSSRS;SSSS;SSRSA;SRSRSS;RRRSSSSS;RSASS;RRSSRR;SRRSRSRSSS;SSRSRS;SRSSS.RRSSSS;ASRRSS;SSSS;RRRR;ARRSRR;SDSSRRSS;SRSSDS;SRSRSRSS;SSSRRRRR;SRSRSRRR;SRRSSS;SSSS;S/SS/SS/RR/SS.RSRSRR;RRSRSSRSSS;SSSA;RSDSSS;SSSS;SSAS;DSRRSR;SSSA,4-6 7-6(2) 6-2,1,126
10462624,07 Jan 17,ATPChennai-AircelChennaiOpen,ATP,Main,Roberto Bautista Agut,Benoit Paire,1,SSSS;SRARSS;SRSSRS;RRARASAA;SSDSA;ASSS;RASSS;RRSRR;SSRSRRSS.SSRRSRRD;RSSRSS;RRDR;RSSSS;SARDRSSS;RASRSRRR;SRSAS;RSRSSS;RSRRR,6-3 6-3,1,67
10467255,08 Jan 17,ATPChennai-AircelChennaiOpen,ATP,Main,Roberto Bautista Agut,Daniil Medvedev,1,SRSRSS;ASARS;SSSS;RDRSSR;SSSRS;SRSRSRSRSRAA;SSSS;SSDRSRSS;RSSSA.SSRRSRSRARSS;SSSRS;RARSAS;RSASRDSS;SSSS;ASAS;SSAS;SSSS;DSRSDR;SSSS,6-3 6-4,1,73
10457283,06 Jan 17,ATPDoha-QatarExxonMobilOpen,ATP,Main,Novak Djokovic,Fernando Verdasco,1,SRRSRSSS;SRRSSS;SSRRSA;RSSSRRRSSS;SSSS;RRSRSR;RRRR;SSRSRS;RRDR;RSSSRRRSSS.SRSRRR;SSSS;SSRRSS;SRRRR;SSSS;SRSRSS;RSSSS;SRSSS;RSSRSRRSRSARRSSS;SSSRRS;SSSS;SSDSS;S/SR/RR/SS/RS/RR/SR/RR/S.SSSS;SSSS;RDSSAS;SSSRS;RSRRR;SSSRA;SSAS;SSSS;DRSRR,4-6 7-6(7) 6-3,1,142
10457475,06 Jan 17,ATPDoha-QatarExxonMobilOpen,ATP,Main,Andy Murray,Tomas Berdych,1,SRSSS;SRSRSRSRSRSS;SRSSS;SRRSRR;ASRSS;SSSRS;SSRSA;SRSRARRSRSSRSS;SRSSA.SRSSS;RASRRSDSSRARSS;RSRRR;SRRSRR;RDSRR;SASRRRSS;SSSRS;RSRSSS;SSARRS;RSASRRAS,6-3 6-4,1,100
10462683,07 Jan 17,ATPDoha-QatarExxonMobilOpen,ATP,Main,Novak Djokovic,Andy Murray,1,SRSRSRSRAS;SRRSSS;SRSRSRRSSS;SSSDA;SSSS;SRRASRSS;SSSS;SSRSRRRR;SSSS.SSRSA;SRSARS;SSSS;SSSS;SRSSS;RSRSRSSRSRSS;SRDRSD;RRSSSS;ASRAS;SSDRRSSRSRSRRR;RSSRSS;SRRRSR.DSRASRAS;SSSS;SSSRS;SRSSS;SSSA;DRSSSRRSSS;RRRR;SSDSS;SSSRS;RRSSSS,6-3 5-7 6-4,1,167
10466879,08 Jan 17,ATPSydney-ApiaInternationalSydney,ATP,Main,Nicolas Mahut,Thomaz Bellucci,1,SSRSS;SRRRSSSA;RSSAS;SDRRR;SASS;SSSRS;SSSS;RRRR.SSSS;RSSSRS;RSADSS;SRSSRS;SSRSS;SRARDR;AASS;SSSS;SRRARD;SSSDS;SRSRRSRSSA;SSSS;R/SR/SS/RR/SS,6-2 7-6(2),1,79
10470529,09 Jan 17,ATPSydney-ApiaInternationalSydney,ATP,Main,Thiago Moura Monteiro,Dan Evans,2,RSSSS;SSSRS;RRRR;SSAS;SSSS;SRSSS;SSAS;SRSSS;RRRR.SSRRSRARRD;SRSSA;RRRR;RSSSS;RSSSRRSS;SRRSRR;SDSRSS;SSSS;SSSRRS;SSSRRS.SSRRDR;SSRRRR;SSRSS;SSSA;SRSSA;RRARSD;SRRRSR;SRRASRRSRASRSRRR;SRSSS,6-3 4-6 6-3,1,102
10470530,09 Jan 17,ATPSydney-ApiaInternationalSydney,ATP,Main,Gastao Elias,Christopher O'Connell,1,RSSRSRSRRSRSARRSRSSA;SSRRRSRSRSSS;DSSSS;SSSRRRSS;SSSS;RSSRSS;RSRRSSSRSS;SSSRRS;SRSSDRRSSS;RSASS;SRSSA;RRSSDSSS;S/SS/SS/SS/DR/S.DSSDSS;RSSSRS;RSSAS;SRSRSRRSRSRSRR;SSSDS;ASSS;RRRSR;RRSRSAAS;DRRR;SSSS.SSSRS;SSSRS;SRDRSR;RARDASAS;RRRR;ARASRS;RSSSRRSRRR,6-7(3) 6-4 6-1,1,134
10466877,09 Jan 17,ATPSydney-ApiaInternationalSydney,ATP,Main,Florian Mayer,Paolo Lorenzi,2,RSASS;SRSRSS;SSRRARARSS;SRRSSS;SSSRS;SSRSRS;SSSRRRSS;RSSRSRSS;SRSADS;SSRSS;DSRSSS;RSSSA;S/SA/SS/RS/RR/SS.SRRRR;RRSRAR;SSSRS;SSSDA;ASSA;SSRSRS;SDRRSR;SRSSA;SSRRSA;SSRSS.ASSRS;SRSSRS;RSSSS;SSSS;RSSRSRSS;SRRAAS;RASSS;SSRSS;SRSAA;SRSRSS;SSSS;SSRRSRSS;S/SR/RS/SA/SS/RS/S,7-6(4) 4-6 7-6(5),1,152
10466874,09 Jan 17,ATPSydney-ApiaInternationalSydney,ATP,Main,Philipp Kohlschreiber,Fabio Fognini,1,RSARRR;SRRSSS;SSARS;RSRRSR;SSSS;SRSDSS;SSRADRRSSS;RSSRRSSS;SSSRS;SRRRR.SSRRSA;SRSSA;SSSS;SSSRS;SRRRSSSRSS;SSSS;SSSA;SASS;SSSS;SSRRRR,6-4 6-4,1,80
10466872,10 Jan 17,ATPSydney-ApiaInternationalSydney,ATP,Main,Alex De Minaur,Benoit Paire,1,SASS;SSRRSS;SSRSS;RSSRRSAS;RSSRRSSRSS;SRSRRD;RDRR;DRRSSR;RSRSSS.SSRRSS;SRSSS;RSSSDA;DDRR;SSDSRRSS;SRSSS;SSRAS;RSSSS;SRSAS.RRRSD;SRRSSS;SRSSS;ASRSS;SSSS;ADRRR;RDSSSS;SSSRS;RSSSS;RSASRS;SSRSS;ARARSS;S/AD/SS/RR/S,6-3 3-6 7-6(1),1,104
10466873,10 Jan 17,ATPSydney-ApiaInternationalSydney,ATP,Main,Nicolas Almagro,Mischa Zverev,2,SARRRR;SSRSS;SSRSS;RAASS;RSSSA;RSSRSS;SSRSA;SAAS;DRSSSDSS;RSRSSS.SARSDDRR;SSSS;SSRSS;SASS;RSRRSSSRRASRRSRR;RASAS;RSSSA;RRAARAAA,6-4 6-2,1,70
10466875,10 Jan 17,ATPSydney-ApiaInternationalSydney,ATP,Main,Alexandr Dolgopolov,Gilles Muller,2,RSSRSRSS;SASRRA;SSDSA;SRRSRSRR;RSRSRSSRSRSS;SSSS;RDSRSSSRRSSRSA;SSRRSS;SDSRADSS.DSSSRRSS;SSDRRR;SRSRSS;RSSSS;SSRSS;SSSS;SSSRRS;SSSRA;SSSRDA.ASSS;SSAA;ASSS;ASSRRA;ASSRS;SDSAS;RSSRRSSRSS;RSSRSDSRAA;RSSAS;RSSDSRRSAA;RSRRD;ARSSRA,3-6 6-3 7-5,1,126
10475373,10 Jan 17,ATPSydney-ApiaInternationalSydney,ATP,Main,Santiago Giraldo,Marcel Granollers,2,SRSSS;SRSSS;RSSSA;SASS;ASDSS;ARSSS;SASRS;RSSRSS;SSRRRSDSSRRSSS;SSRRRSRSRSDSSRSS;RRSRASSS;SSRRSS;S/SS/SR/RR/RS/SR/S.SSSS;SRSSRS;RSRSRSSS;SRSSRS;SSSA;RRRR;SSSS;SSRSRRSS;RRSSRR;SRSRSS;SRSSS;RRSRR.SSRRSS;SSRSS;SSSS;SSRRSS;SRSRSA;SRRSSS;RSSRSA;RRSSRR;SSSS,6-7(5) 7-5 6-3,1,156
10466878,10 Jan 17,ATPSydney-ApiaInternationalSydney,ATP,Main,Thanasi Kokkinakis,Jordan Thompson,2,SRSRSRSS;SSSS;ARRDR;ARRRSR;DSSSRRSS;SARSS;SRSRRSRR;DSRRR;RSSSS;ARRASS;RRRD;RSSSS.SRRSSS;SRSSS;SSSRRS;SSSRRS;RRSRR;RSRSSS;DDRR;ASRSA,7-5 6-2,1,82
10470844,11 Jan 17,ATPSydney-ApiaInternationalSydney,ATP,Main,Nicolas Mahut,Pablo Cuevas,2,SSSS;ASRADS;RRSRD;SASS;RSSRSS;ASRARRAS;RRSASS;RDSSSS;SSRRSS;RSSSRRSS.RDSSRSRSSS;SSSRRS;RSRSSA;RSASA;SRSSRRSRSS;RRSRSSRR;SSSS;RRRR.RRRR;SSSS;SSSRRS;SRRSAS;SRRSSS;RSSRSS;SRRRSR;DSSSS,6-4 2-6 6-2,1,106
10479523,11 Jan 17,ATPSydney-ApiaInternationalSydney,ATP,Main,Gilles Muller,Matthew Barton,1,SSAS;SDSRSS;SASA;DSRSDSRSRSARRR;SSSRS;SRRRSR;AASS.RRRSASAS;SAAS;SASS;AARSRRRD;RSRSSS;RARSSS;ARSARRAS;SSAS;ASARRRRSAA.AAAS;ASRSA;RSSADS;RSSSRRSRSS;SRSADA;ARASS;SAAA;RARASRSS;SSRSS;DRRSSR,6-1 3-6 6-4,1,102
10479517,11 Jan 17,ATPSydney-ApiaInternationalSydney,ATP,Main,Mischa Zverev,Pablo Carreno-Busta,2,SSSS;DSSSS;SSRSS;RDSSSS;SDSSRS;RSRRSR;SSSRRS;SSSS;RRSSDSRSSS.SRSSDRRSSS;RSRSSS;SSRRRSSDARSS;SSSA;SRRSRSRSSRSRSS;SSSRS;RSSRAS;SSRSS;SSSRDS;SSARS;SDSSS;RSRRASSS;S/RR/RR/SR/SS/SR.SSSA;SRSSS;SRSSRRSRRSSRRSRR;SSSRRS;SRRSRSRSSA;SARSRS;SSARRA;SSRSS;RSRRSR,3-6 7-6(4) 6-3,1,129
10480406,11 Jan 17,ATPSydney-ApiaInternationalSydney,ATP,Main,Jordan Thompson,Philipp Kohlschreiber,2,SSSRS;RSSRSS;RSRASRSS;SSSA;RASSA;SSAS;SRSRSRAA;SSSS;ASSS;RARSSRSS;RRARR;SRSSRS.SRSSS;SSSS;RSRRR;RSRRSR;SRSRAA;SRSRAS;ARSSS;DSSSA;SRRRR;SRRSRSRSSRSS,7-5 6-4,1,84
10480420,11 Jan 17,ATPSydney-ApiaInternationalSydney,ATP,Main,Marcel Granollers,Daniel Evans,2,RSRSSS;DSDSRR;SSSRS;RARRSSRR;SSSRS;SRSSRS;SASS.SARSS;SARSS;SSRRSRSDSS;ARRRR;SRSSRS;SSRSS;ASRRSS;SSDSRRSRSS;SSSS.SDRSDSRR;SASRS;SSRRSS;SRSSA;SSSS;SSSS;SSRSRRSS;SSSRS;SRRRR,1-6 6-3 6-3,1,103
10484839,11 Jan 17,ATPSydney-ApiaInternationalSydney,ATP,Main,Gastao Elias,Dominic Thiem,2,SRSRSS;RSSRSS;SSDSRS;SSSA;SSSRS;SSRSS;RRRR;SSSS;SRARSS;SRRRR;SRSSRS;SSRSS;A/SR/SS/DS/SR/SS/A.DSSSA;SASS;SSARS;SRSSRRARARRSRR;RSRRR;RSRSRSSRSS;SRSSRRARSRSS;SSDRRR;RSRRSSSS.SSSRRS;RSSSS;RRSSSRRSRSSRRR;RRRD;RRRSSR;DSSSS;RSSSRS;SSSRS;SRRSSRSS;RDSRSR;RSRRR;RSRSARSS,6-7(5) 6-3 7-5,1,159
10484130,12 Jan 17,ATPSydney-ApiaInternationalSydney,ATP,Main,Gilles Muller,Pablo Cuevas,1,RRASSA;ASSS;SRSSA;RRRSSSSS;RRSSSS;RSSSRRSS;ASSS;SRASRA;SSSRS;DSRSRSSS;SRSRARSA;RRRSSSSS;R/SS/SA/RR/SA/AS/S.SRASS;RSSADS;RRSSRR;RSDRAR;SSSS;SARSRRSS;SRRRR;RRASAS;SRSSS;ASARRA,7-6(5) 6-4,1,96
10484470,12 Jan 17,ATPSydney-ApiaInternationalSydney,ATP,Main,Andrey Kuznetsov,Pablo Carreno Busta,1,SDSSRS;SSSRRS;RRRR;RSRSRSDSSS;SRRRAR;SSRRSS;SRRSSRDSSS;SSRSS.RSSSS;ASSS;SSRRRSSS;SSSS;SDSAS;SSRSS;SSARS;RSSRSA;SRDSSS;RRSDSSRR.SSSS;SRSRRSRSRR;ASRSDRAS;SDSARRAS;SSSS;SRRRSR;RSRARSAS,2-6 6-4 6-1,1,105
10485349,12 Jan 17,ATPSydney-ApiaInternationalSydney,ATP,Main,Daniel Evans,Dominic Thiem,1,SASS;SSSRA;SSSRS;RSSSS;SRRSRR;SSSS;SRRSSRSS;SSSS;RSSRSRRR.SRSSRDRR;SRRSSRRSRSSS;RSSRRR;RRRSR;RSSRSS;SSSRRRRR;SRRRSR;SRRSSS;SRRSSRSDRSSRAS;SSRSRRRSSS.RSRSRSRR;RRSSSRSRRSSS;SRSRRR;SSSRS;SSSDS;SSRSS;RDRR,3-6 6-4 6-1,1,121
10494328,13 Jan 17,ATPSydney-ApiaInternationalSydney,ATP,Main,Gilles Muller,Viktor Troicki,1,SSSS;RRRSSR;SSSRRS;SSSS;SSSS;SSSS;RRRSSSSS;SRSSS;RRRSSSSS.RRSSSS;RSSSS;RSSSS;RSSSS;SSSS;RRRSSSSS;RSSSS;RSSSS;RSSSS;SRRSSS;SSSS;RSSRSS;R/RS/DS/AS/AS/RS/SR/A,6-3 7-6(6),1,21
10494329,13 Jan 17,ATPSydney-ApiaInternationalSydney,ATP,Main,Andrey Kuznetsov,Daniel Evans,2,DRRD;SSSS;RRSSSRRSRR;RSRRR;RDSRR;SRSSRS;SRRSRSSS;SRSRSS.RSSRSRSRAS;SSRSDS;SASA;ARRSRR;SSRRRSSS;SSSS;RRRR;RSSRRR;ASRAS.SSDSS;SSSRRS;SRSSRS;RRSRR;DSSARDSS;RRASSRSRSS;SSRRSS;RSSSA;SSSS,6-2 3-6 6-3,1,117
10495123,14 Jan 17,ATPSydney-ApiaInternationalSydney,ATP,Main,Gilles Muller,Daniel Evans,1,SSSS;RRSSSRSS;RSSSS;SSSS;RRSSSS;RSSRSRSS;SSSRS;SSSS;SSSS;SRRSRSSRSS;RSSSS;RSSRRSSS;S/RS/RR/SR/SS/SR/S.SSRSS;SSRRRSSS;RSRRSR;RRSSSS;RSSSRS;SRSSS;RRRSSR;SSSRRS,7-6(5) 6-2,0,88
10448022,06 Jan 17,HopmanCupMens,ATP,Main,Daniel Evans,Alexander Zverev,2,RRRR;SASRS;SRSSS;SSSS;RSSSS;RRSRSSSRSRRSSRRSRARASS;RSSRRSSDDSRSSS;SRSSS;SASS;SSSDS.SSSS;SRSRSRAS;RSRSSS;SSRSS;RSSSS;SRSSRRSS;RSRSRSRR;SASRRS;SRSRRR,6-4 6-3,1,81
10448020,06 Jan 17,HopmanCupMens,ATP,Main,Roger Federer,Richard Gasquet,1,RASRSRAS;SRSDRSSS;SSRSS;SRRSRR;SSSS;SRRSRSRSARRR;ASSRS.RSSSS;SASRS;RRRSSR;RSSARS;SSSS;SSSRRS;SSSS;SSAS;SRASRS;SRASS,6-1 6-4,1,56
10466193,07 Jan 17,HopmanCupMens,ATP,Main,Jack Sock,Richard Gasquet,2,SRRSRSSS;SRSSS;SRSRSS;SRSSS;SRSRSRRSRSRR;SRSSS;RSRSRSRSRSSS;SSRSS;SRSRRR.RSRSSRSS;RSSRRSRSSS;RRSSRR;RSSRSRSS;SSSS;SRSSRRRR;RSRSSRSS;SSSRS;SRRSSRSS;RSSSS;RRSRSSRR;SRSRRSSS.SSSS;RSSSS;SSSS;SRSSS;SRRSSRSRSRSS;SSRSS;SSSRRS;SRSSRS;SSSS;RSSSS;RRRR;RRRR;S/RS/SS/SS/RR/RS/SS/R,6-3 5-7 7-6(6),0,115
10501013,17 Jan 17,Men'sAustralianOpen,ATP,Main,Alex Bolt,Yoshihito Nishioka,2,SSSS;RSRSSS;RSSAS;SDDRSSSRSRSRSRRSSRSS;RSSRRR;RSSDSS;SSSDDS;RSRSSS;ARSRRASS;SSSS.SRRARSRSSS;RRSRSR;SSRRSS;SRRSSRSRSRSRSRSS;SSRSS;RRRR;ASAS.SSRRSS;RSRSAS;RRSSSS;RSRSRSRR;SSSS;SSSRRRSS;SSSRS;RSSRSRDR.RASSS;RSSARS;SSRSS;RSARAS;SRSSS;SRRSSS;RSSSS;RRSARARR;RSDSRR;SRRASRDR,6-4 1-6 6-2 6-4,1,150
10494164,17 Jan 17,Men'sAustralianOpen,ATP,Main,Radu Albot,Carlos Berlocq,2,SSRSS;SDSSS;SSSDRS;SSSS;SRRSSS;SARSS;RSRRSSSRRR;SRSAS;SSSS;SSRSS.RRSRSR;ASRRRR;RSSSRRSS;SSAS;ASARRS;RRRSSASS;SSSS;SSSS;RRSSRR;RSRRR;SSRARS;RRSSRSAS;S/AS/RS/RA/SR/SS.RRRSR;SSRSS;SRSSRS;SSSS;SSSS;RSRRR;SASS;SASS;SASS;SRSARS;RSSDSRRR;SSSS.RSSSRS;SSRSRS;SDSSRRDSSRARSRRSAS;SRSRSRSS;RSASS;SSSS;SRSSS;RSSRSRDSSRSS;RSRSRSSRSS;RSSSS;RSRSSRAS;SSRRRSSRSS;S/SR/DS/SR/RR/RS/SS/SR/RS/R,6-4 7-6(4) 5-7 7-6(8),1,236
10494143,17 Jan 17,Men'sAustralianOpen,ATP,Main,Milos Raonic,Dustin Brown,1,SDSSRS;SSSRS;DSRSSS;SRSRSRRSSRSS;DSSSS;SSRRRSSDDSRSSS;AAAS;DSSRRSRR;ARSSS.RSSSRS;ASAS;SSRRDSSRSS;ARSRSS;RSSRRR;SSAS;SSSS;SSSS;SRRSSS;RARSRSAS.RRSSRR;ARRRASSRSS;RSSSS;RSSSS;SDRARR;ASDRSS;RSSSS;SRSDSS,6-3 6-4 6-2,1,93
10501011,17 Jan 17,Men'sAustralianOpen,ATP,Main,Frances Tiafoe,Mikhail Kukushkin,1,RSSRSS;RRSDSSRSRR;SSRSS;DRRSR;ADSRAS;ASRRRSSRSS;SRRARSSRRSRSSS.SSSS;SSSS;RSSRRSSRSS;SSSRS;SSRSS;SSRRSS;RSSSS;SSRSRS;SSSRS;SSSS;SRSSRRRSSS;SSRSRS;S/RS/SS/DA/RS/R.SSRSRS;RRSRSR;RRRSR;ASSS;RAASS;RRRR;ASSS;SSSS;RSSRSS.RARSARSS;RSSSS;RSSRRR;RSRSSS;SAAS;DRSSAS;DRSSRR;ASAS,6-1 6-7(3) 6-3 6-2,1,156
10494128,17 Jan 17,Men'sAustralianOpen,ATP,Main,Rafael Nadal,Florian Mayer,1,SSRSS;SRRSSS;SRSRSS;SSRRRSARRSRR;RSSSS;SSAS;RRSSSS;RRRSSSSRRSSS;SASS.ARRSSS;SSSS;SSSS;SRSRSS;SRSRRSSRSRSRSRSS;SSRSS;SRSSS;RSSSS;SRSRSRRSRR;SSAS.SSAS;RSSSRS;RSSSS;SAAS;SRRSSS;SRRSSS;RSSRSS;RSSSS;ARRDSR;RSSSS,6-3 6-4 6-4,1,124
10494165,17 Jan 17,Men'sAustralianOpen,ATP,Main,Kyle Edmund,Santiago Giraldo,1,SSDSS;SRRRR;SSSS;SRRASRSRSS;SRSSS;DRSSRSRR;SDRRR;RSSRARRR.SRSSS;SSSS;ASSRRRSRAS;SSSS;SSRSS;SSSS;RRASSS;SRSSRS;SSRSS;SDRSRSSS;SAAS;RRRR.ASAS;DRSDSSAS;SRSSS;RSRSSS;SSRSRS;SSSS;RSSAS;SRRRSR;SAAA,6-2 7-5 6-3,1,110
10494118,17 Jan 17,Men'sAustralianOpen,ATP,Main,Alexandr Dolgopolov,Borna Coric,1,RSSSS;RRSSRSSS;RSSSS;SRRRR;SRSRSRSS;SSSS;SSSS;SRSRSS;SSSS.SRSSS;RSSSS;RSSRSS;RSSSRRSS;RRSSSS;RSSSS;SRSRSRRR;SRSRSRSS;SRSRSS;RSRRSSRSSS.SSRSRS;SRSRRR;RSSRRR;SSSRS;SSSS;SRSSS;SSRRSS;SSRRRR;SRSRSRSS.SRSSS;RRRSSR;SSSS;SSSS;RRSSSS;RSSRSRSS;RSSSRS;RSSRSRSS;SRRRR;SRRSRSSS;SSRRSRSS;RSRRSSSS;S/SR/RS/SS/SS/RS/RR/RR/S,6-3 6-4 3-6 7-6(7),0,104
10494326,17 Jan 17,Men'sAustralianOpen,ATP,Main,Jan-Lennard Struff,Dominic Thiem,2,SSSS;SSRRRSSRSS;SRSSS;ASRSRS;RSSRSS;SSRSS;RRSRSR;DRSRR;SRRAARRADSSS;SRSRRR.SRSSS;DSSRSS;SSSRS;SRDSAS;DSSSRS;SSRSRS;SSAS;SDRSAS;SARRRSSDSRSRRR;ASSRRS.SSRRRSSRRSAS;SRRRSSRSSS;RRDSASSS;SSSS;SSSS;SRRSAS;SSSS;SRRARSSS;RDRASR;RSRSRSSRRSDSSRSS.DSRRSSSRRSSRSS;DSSDSDSS;RSSRSRRR;RSRSSS;RASDSRSS;ASRRSS;DSSSS;SSRSRS;RDDR,4-6 6-4 6-4 6-3,1,174
10494140,17 Jan 17,Men'sAustralianOpen,ATP,Main,Gilles Muller,Taylor Fritz,1,AADAS;SSRAS;SRSARS;SARSS;ASRRSS;SSSDS;RSASRS;SRRASRSS;SASRDS;SSSS;SASS;RSDSSS;S/RR/RS/SS/RS/SR/RS/R.RSSRSS;ASSS;SSRSS;ASSS;SDASS;RDRSSSSS;SRRSSS;AASS;RAASS;ARSSS;SRDSSRAS;ARSRSS;S/SA/SS/AS/RS/SR/R.SSSS;SRSRRR;RRRSSAARSS;SRSSS;RSRSSS;SSRSRS;ASARRS;RSSSS;SSSRS,7-6(6) 7-6(5) 6-3,1,133
10494159,17 Jan 17,Men'sAustralianOpen,ATP,Main,Adam Pavlasek,Andrew Whittington,2,SSSS;SSAS;RSRRR;DSSAS;SARRRSSS;SSSRS;SRRRSSSRSS;SSSS;RSARAS;RRSSSS.SASS;RRSDR;SRSSS;SSDRSS;SSSRS;RSSSS;RSRRR;SSSS;SSSRS;DRRR.RASSRRSS;SDSRDASRSS;DDRR;ASSRDS;ARSRRR;SRRSSRSS;RRSSSS;RSRRSSRSAS.RSASS;SSSS;SSRARS;SRSDRASDSS;SSRRRR;RSSDSRSRSRAS;SAAS;SAAS;RRSRR,6-4 4-6 6-2 6-3,1,145
10501015,17 Jan 17,Men'sAustralianOpen,ATP,Main,Blake Mott,Richard Gasquet,2,SRRSRSRR;SSSS;DSSSS;SSRSS;SSSS;SRSRSRSS;SRASS;RSSSS;ARSRSDSS;SSSS.RSRDSR;RRSSSS;SSSS;SSRRSRSRRR;SRSSRS;RSRSSS;SSSS;RRSSSRSS;RRSRR;RSSSS.RRRR;SRSSS;ASRRRSRR;RSSSRS;RSASS;SASS;ARRSSS;SSSRRS,6-4 6-4 6-2,1,113
10501010,17 Jan 17,Men'sAustralianOpen,ATP,Main,Dmitry Tursunov,Radek Stepanek,2,RSRRSSSS;ASSS;SSRRRR;SSARDS;SDRRSSSS;SSSRRRSRSS;DRRR;SSRRSRSRRAARSS.SRSRRSSS;SRSSRS;SSSRRS;RSRASS;SASS;SSSS;SASRS;SRSSS;SSRRSS;SSSS;SSRSRS;SRSRSS;R/AS/SR/SS/R.SSSS;SSRSDS;SADSS;DSSSS;SDSSS;SDSSS;SSRRSS;SSRRRR;RRSRSSRAAA,6-2 7-6(1) 6-3,1,119
10494148,17 Jan 17,Men'sAustralianOpen,ATP,Main,Joao Sousa,Jordan Thompson,2,SSRSS;RSRRR;SRRRR;RSSAS;SSSRRS;SSRRAS;SSAS;SSRAS;SSSS;ASSS;SSSS;SSSS;S/RR/SR/RA/SS.SSSS;SSSRS;RRARSSSRRR;SSSS;RSRSSS;SRRSSRSS;RARSARRR;RADSRR;RSSARS;SRSRSS.SSSS;SSSS;SRSSS;SRRSSS;SRSRRSSS;DSSSS;RSSSS;SRRSRR;SSSS.RSRRR;AARSS;RSSRRR;SRASRS;SSSDS;SSSS;RSRRSSSS;SRRSRSSS.RSSRSS;RSSSRRRAAS;SRRDR;RSRRSASRARRSSS;RRSRSSRR;SSRRSS;RSRRSR.,6-7(2) 4-6 6-3 6-2 6-1,1,201
10494131,17 Jan 17,Men'sAustralianOpen,ATP,Main,Roberto Bautista Agut,Guido Pella,1,SSSRS;DSSSS;ASARS;RRSRSR;SSSS;RASRSS;SSSS;SRRARSSS;ARSRSS.SRRRR;SSSRS;SDRRSSSRSRSS;SSDSRS;SSRRRR;SRARRSAS;RRDSR.SSSS;SSSRS;ASSS;RRRSR;SSRSS;RRRR;SSSS,6-3 6-1 6-1,1,84
10494157,17 Jan 17,Men'sAustralianOpen,ATP,Main,Ivo Karlovic,Horacio Zeballos,1,RASAS;SSSS;RSSSS;SASRS;SSAS;SRASRS;RDAASS;SSSS;AASS;SSSS;SRSAS;SSSS;D/SS/AA/SS/SR/RR/SR/S.SRAAS;SSAS;RRSSSS;SASS;SARAS;ARSAS;SASRS;DSSRRR;SSRAS.RDSAAS;DSSSS;SSRRSS;SSSDS;SSAS;SSSS;SASRS;SASRS;ASAS;SSSS;ASAS;ARSRRR.DRSSDARSSS;RADDSASRRR;ASAS;SSDRAS;SAAS;RSSSS;ASSS;ARDSRSRR.SDSSRRAS;SSSS;SAARS;SSSS;RASSS;RSRSSRDSSS;SAARS;SSSS;ASSS;SSSS;SSADRS;SSSS;SASRS;SSAS;ASSS;SSSRRS;SSSS;RSSAS;ARSSS;SDSRSRSRSS;SSSS;RSSRAS;AARRSRRSSS;SSRSRS;SRSSS;SSRSS;SSSS;SRSARS;SASS;SARSS;SRSAS;SSSS;SARAS;RASSS;SRSAS;RSSAS;AAAS;RSSSRS;SSRSS;SASRRRSRSS;SDAAS;DSRRSR.,6-7(6) 3-6 7-5 6-2 22-20,1,314
10501014,17 Jan 17,Men'sAustralianOpen,ATP,Main,Ernesto Escobedo,Daniil Medvedev,1,SARSS;ARASDS;RSRRSSSRSS;RRASSRDSRASS;RSSSS;SSSDS;SRSSS;RSDSSDRSSS;RRSASS;SSSRS;SRSSS;SSSRRDRR.RDSRR;ASRRDSSS;ASSS;RSSSS;SSRSS;SSSRS;SRSSDS;SSSS;SSSRS;DSASS.SSDRSS;SSSRRS;SSRSS;ASSS;RRSSRSSS;SSSS;SRRARSSS;RRSRSSARSS;RSSRSS;SSSS;SSSS;SSAS;S/RS/RS/SR/SS/SS/S.DRSARR;SRRSSRSS;SSSS;SSSS;RSRRSR;SRSRSS;RRSSSRRR,7-5 4-6 7-6(5) 6-1,1,156
10494163,17 Jan 17,Men'sAustralianOpen,ATP,Main,Renzo Olivo,Hyeon Chung,2,RRSSSS;SSSS;SRSRRR;SRSSRS;RRSRR;SSSS;SSSDRRSS;SRSSS.DSSSRS;SSDSRS;SSSS;SRRSRSSRAS;RDRSSR;RSRASS;RSRSRSAS;SSSRS;RRDASR.RRSSRR;RRSRSR;SRSRSS;SSSS;SRSRSS;RSDRR;SRSSS;RRSRSSRSRR,6-2 6-3 6-2,1,105
10494150,17 Jan 17,Men'sAustralianOpen,ATP,Main,Tommy Haas,Benoit Paire,2,RSSRSS;DRSAAS;SRSRRSSS;SSAS;ADRSSS;ARSSDRRASRRR;SSRRRR;SSSS;SSAS;RSSSS;RRSSSRSRSS;SRASS;R/SA/RR/SR/SR.DSRSARARAS;SSRSS;SRARSRSS;SSRSS;RDASSS;DRSSSS;RSSSS;SRSSRRSDSRRSRSSRSS;SARSS;RSRRR,7-6(2) 6-4,1,97
10494115,17 Jan 17,Men'sAustralianOpen,ATP,Main,Gael Monfils,Jiri Vesely,1,SSSS;SRDSDR;SRARRSRSSS;SRASS;RSSSS;SRRRSR;SSRRRR;RRSSRSRR.SSSDS;RRSRSSSRRR;SSRSS;RSSSS;SSRSS;RRSSSS;SRSSS;SSRSS;ASSS.RDRSSR;ASSS;SSRSS;SSSS;RSRSRR;SRRSSS;SDSSDS;DSRSSRSS,6-2 6-3 6-2,1,91
10494153,17 Jan 17,Men'sAustralianOpen,ATP,Main,Feliciano Lopez,Fabio Fognini,2,RRRAAR;RRSRR;ASDAS;SSSRS;DRRASSRASS;SSDRSS;RSRSARSRAS;RSSSRS;RSRARSAS;SRSSDRSS;SRRRSR;SSSS.SRRRSSRSRR;SSSS;RRSSSRRSSRSS;SSSS;RARSSS;SSSS;RRDR;SSARRRRR;SRRRSR.AARSS;RSRRSSSS;SSSS;RRSSSS;SSSS;ARRSSS;SSSRS;SSSS;ASSRS;DSSRRARSRSAS;SSSS;RRRSSSRSSRSRDR,7-5 6-3 7-5,1,123
10494162,17 Jan 17,Men'sAustralianOpen,ATP,Main,Gregor Dimitrov,Christopher O'Connell,1,ASSS;SSRSRRSS;RSSSS;SRSRRSRSRSSS;SSSS;SSSRS;SARSRS;RSADSRRSRSSRAS;SSAS;SSSRS;SSRSS;SSSS;A/RS/SS/SR/SS.ASRRRR;SSSS;RRRSSSSS;ARSRSS;SRSRAS;RRSSSS;RSSSS;ASSS;RRRSSR.SARSS;SRSSS;SSRSS;SRSRRR;SASS;SRSRSRSS;SRRSSRSRSS;SSSRRRSS;SSSS,7-6(2) 6-3 6-3,1,122
10494166,17 Jan 17,Men'sAustralianOpen,ATP,Main,Novak Djokovic,Fernando Verdasco,1,SSRSS;RRRSR;RSSARS;SRRSRR;RSSRSRSS;ASRRRSRSSS;SDSRSRSS.SRSSRS;SRRRSR;RRRSR;ARSRRR;SRSRDR;RSRSDSSS;RSSSS;RRSSSRSRSS;SRRDSAARSRSS;RRSSSS;RRRSSSSDARSRSS;SSSS;R/SS/SS/RR/RR/SS.SSSS;RSRSRSRR;RRSSRSSS;SRRASRSS;SRSSS;SRSRSRSS;SSSS;RSRSSRRR,6-1 7-6(4) 6-2,1,140
10501016,17 Jan 17,Men'sAustralianOpen,ATP,Main,Denis Istomin,Ivan Dodig,1,SRSSRRRSSS;RRRSR;SRRSRSRASS;SSSS;SSAS;SRRSRR;SRRSSS.RASSS;ASRAS;RSSSS;SRSARRSS;SRSSS;SSSS;SRARRR;SASS;SRSDSS;SASS.SSSRRRSRSS;RSASRRRSRSARSRSS;DSSSS;RSRRSR;ADADARRSSS;SRRSSS;DDSSAS;SSSRS;SARSS.RASSS;SSDSS;SSSS;SRRSRR;RSRRAR;SRSRRSRR;RRSRSR;DSSSS;RSRSSS;RSDSSS;SSSS;RRSRR,6-1 6-4 3-6 7-5,1,150
10509553,18 Jan 17,Men'sAustralianOpen,ATP,Main,Alexander Bublik,Malek Jaziri,2,RRSDASRR;RSASDS;SSRRAS;SSRSRS;SRRSRR;ASSS;ASAS;SSSRDS.SRSRARAS;RRRSAR;RSSARRRR;ARSSS;RRRAR;SRRSDR;RRRR;RRSRSSRSSS;RSDRR.RSSSS;RSSRRSSS;SSSS;SRSRSS;ASSS;SDSSRS;SSRRRR;SSRAS;RRSRSSSRSS;RARSARDR;SSSS;RSRRR,6-2 6-3 7-5,1,97
10509193,18 Jan 17,Men'sAustralianOpen,ATP,Main,Jeremy Chardy,Kei Nishikori,2,SRRSRR;SSRSS;SSRRSS;RSRSRSSS;ARRDSSSS;SSSS;RSSSS;SRSRAS;SRRRSSRR.RSRRSSRR;SRSRRR;SSSS;RSSAS;RSSRSRRR;SDRRSSRSRSSDRR;RSSSS;RSARSS;RSSRRSSS;RSRSRR.SRRRR;RRRSR;SSSS;RSSSS;RRSRSSSRSS;RSSRRSSS;SRRSSRSS;RRSRSR;SSARS,6-3 6-4 6-3,1,126
10509558,18 Jan 17,Men'sAustralianOpen,ATP,Main,Jo-Wilfried Tsonga,Dusan Lajovic,1,SSSS;SSSRRRRR;RRSSSRSS;RSSRRSRSSS;SAAS;SRRSSS;SRARSS;RSRRSR.RRASSS;RRARR;RASSS;RSRRSSSS;SASS;SRSSRS;ASSRS;RRSSSRRR.SASRDRRSRSAS;SRRSRR;RRSRR;SSRSRS;RSSRSS;RSRRASRSRSRR;SSAS;SSSS;RSARRAARSS,6-2 6-2 6-3,1,106
10510205,18 Jan 17,Men'sAustralianOpen,ATP,Main,Lukas Lacko,Dudi Sela,1,RRSRSR;DSSSS;SRRRR;SSSS;RSSSS;SRSSS;RSSRSRRSRSRSSS;DSSSS.SRSRAS;SSRRSRSS;SSSRRRSRSS;RSRSRSSS;RSSRSS;RSRRSSRSRR;SSRSRS;SSRSS;SSRSS.DRSASS;ARRSRSRSRR;RSRRR;SSSS;RSRSRR;SSSRS;RRRAR;SSRSRRSS.SSAS;ASRARRSS;RSSRRR;RRRSSR;RSSSS;SSRSS;SARSS;SRSSS;SRSRRR;AASA,2-6 6-3 6-2 6-4,1,135
10509196,18 Jan 17,Men'sAustralianOpen,ATP,Main,John Isner,Mischa Zverev,2,RSARSS;RSDSDSSS;RSSAS;SSRSS;SSSS;SSSRRS;ASSS;SRSRSS;SRASS;RSRSSS;ADSSS;RRSSRSRSARSS;S/SS/SS/RS/SS/SR.RSSAS;RASRRSRSSS;SSSS;SRSSS;SASS;ARSSS;SASS;SSDRSS;SSRSS;SASS;RRRASSSS;SSSRRS;S/SS/SR/SS/SS/AS.SSRSS;SSAS;SRAARS;SRSSDS;SRRSRSRSRSRSRR;SADARS;SRSSS;SSRRRSSS;RASRSS;RDRSSARSSRSS.SSSRS;DSSDSS;RRRSSSSS;RRSSSRRSSRSS;SSARS;RSSRRR;RSRRSR;SSSS;SASS;RSSRDSSS;SRRSARSS;SRSSDRSS;R/SR/SS/SA/RA/SD/AA/SS/R.RRRSSSSS;SRSSDS;SSRSRS;RDSSSS;SSSS;SSSRS;SSSS;RRSSSS;SSSS;RSSAS;SSSS;RRARSSRSSS;SSRSS;RSSSS;RSSRSS;RRRR.,6-7(4) 6-7(4) 6-4 7-6(7) 9-7,1,250
10509192,18 Jan 17,Men'sAustralianOpen,ATP,Main,Ryan Harrison,Tomas Berdych,2,SSSRRS;SRRASS;SRSRSS;SSSS;DRSSSS;RSSAS;SRDRR;SARSS;RSRRSSSDRSSRRR.SASS;SRSSS;SSSS;DRSSRSSS;SSSS;SRRRSSSRSRSRRSSS;SSRRSS;ARDSSDSS;SRASDRAS;SRSRAS;SSSS;DSRRSSSRSDSS;S/RR/RS/AD/RR/SS/SS/R.RRSSSS;RASSS;SRRRR;RRRAAR;SRSRRSARSRARRR;SASS;RARRR;SSSA,6-3 7-6(6) 6-2,1,125
10510204,18 Jan 17,Men'sAustralianOpen,ATP,Main,Stan Wawrinka,Steve Johnson,1,SSRAS;SRSSS;SSSS;SRSRRSSS;SSRSS;SRRRSR;SSSDDS;SSSS;SASS.ARSSS;SRRSSS;SSSS;SRDSSS;RSSRRSRR;RSSRSDRSRSSS;RSRASS;SSARS;RSSRARSS;SASS.SSRRRSRSSS;SRRRSSRSAS;RRRSSR;SRSSS;SASRRRRSSRSS;SSSS;SSRSS;RSSRSRSS;SSRRSS;SSAS,6-3 6-4 6-4,1,111
10510203,18 Jan 17,Men'sAustralianOpen,ATP,Main,Roger Federer,Noah Rubin,1,RASSS;RRSSSS;RSSSS;SRSSDS;SRSRSS;RRRASSRSSRAS;RSSSS;SSRSRRSS;SSSS;RSSSS;SSSRS;RDSRR.RSADSRSS;SSRRSS;RARASS;SSRSRS;ASARS;RRSRR;AARRRSADSRSRSS;SSSS;SSAS.RSSSS;SRSRRSRSRR;SSSS;SSSRS;SSSRS;RSSSS;SRSRSS;RRSSRARSSS;SRRSRSRR;RRSASS;RSRSSS;SSAS;R/RA/SS/SS/RD/S,7-5 6-3 7-6(3),1,123
10510206,18 Jan 17,Men'sAustralianOpen,ATP,Main,Diego Schwartzman,Steve Darcis,2,RRSSSRSRRR;RSSSRRSS;ASRRSRRR;SSRSRS;SSSS;SRSRARSRSS;SRSRSS;RRSSRR;RSRRR.SSRAS;SSRSS;SSSRS;RRRSSR;SSSS;RSSRSS;SSRRSRSS;RSASS;RSSSRS.SSSS;RSRRAARR;DSSRSS;SRSRRSSS;SSRSS;SSSS;SRSRSRRSRSSS;SRRRSR.SRRSSS;SSRSRS;SSRSDS;RSSRRSSS;RSRSDSSRRR;SSSRS;SSRSRRSS;SSRRSS;SSRRSS;RSSSS,6-3 6-3 2-6 6-4,1,147
10509195,18 Jan 17,Men'sAustralianOpen,ATP,Main,Alex De Minaur,Sam Querrey,2,SRSSRRSRRSRSSS;SAAS;RSSRSS;SDASRDSRSDSS;RRSSRSARSS;RSSRSS;SSRSRS;SRASS;SSSRS;SSRDRSSS;SSRRRSSRRSSS;SSSDRS;R/SS/SS/SS/SS/RS/R.SSSDRRDSRSSS;SRRRSR;SRSSS;SRRSSRRR;RSSSRS;SRRRR.SSSS;RRDR;SSSS;RRSSRR;RASSRS;DSRSRSSRRSSS;ASRSS,7-6(5) 6-0 6-1,1,102
10509555,18 Jan 17,Men'sAustralianOpen,ATP,Main,Nick Kyrgios,Andreas Seppi,2,ASSS;RRRR;SRARSRSRRSAS;RSSSDS;RRRSSSSS;RRSSRSARRSDSRR;RSSSS.SASS;SSAS;SRSSS;RASRSS;SAAS;RASARDSS;SSSS;SRSSS;SRSSS;RSRSSS;SSAS;SRSSS;R/SS/DS/SS/R.SASS;SSAS;SSSS;SSRSRS;SRSRSS;SSSRS;SSADDS;SSRSS;RSARRR;SSRSS.RADSRR;RSSRSS;SRASRS;SSSRS;ASRRSRRR;SSSS;SSRRRSRSSRSS;SSAS.SSRRAS;SSSS;SSRSS;RSSRAS;AASS;SRSAS;SSSS;RRRSSSSS;SSRAS;RSSSS;DRARSR;RSRRR;SSAS;SSAS;RASRSS;SSDRSRRSSS;SDRARR;SRSSA.,1-6 6-7(1) 6-4 6-2 10-8,1,189
10509554,18 Jan 17,Men'sAustralianOpen,ATP,Main,Jack Sock,Karen Khachanov,1,SSSS;RSRRSR;RRRR;SRSRRR;SRSRSS;SRSRRSAS;RRSSSRSRRSARRSSS;DRSSSDRARSSS;SSSS.SSRAS;DSSRSRSRRSAS;ASSRRRSDRSSRRSSRDSRSSS;RRSARSAS;ARRDR;ASSRDRDSSS;ARSSS;SSSS;RSSSS;SSSRS.RRSRR;SRDRSSSS;SRRSSRSS;RRSSSRSDRSSS;RRSSARRARSRSSS;SSRSS;SRSSS;SSSS;SSSRS;SRSSS,6-3 6-4 6-4,1,135
10509552,18 Jan 17,Men'sAustralianOpen,ATP,Main,Marin Cilic,Daniel Evans,2,SSAS;SDRRSR;SASRS;SRSAS;SSSS;RSDSSRSRSS;DRSSSRSS;SRSSS;ARSSS.SRRRSSSDARSS;RARSAS;RARSSS;SRSSS;RRSSSRRR;RSRRSR;SSSS;SSSS;SRSRRSSS;SSSRS;SRRRSSSRRSSS;RRSRR.RSSDSS;SSSRRS;SSRSS;RRRSR;RSSRSS;SSRSS;SSSRS;ADRRASSS;SSSS.RRSSSS;SRSRRSRSRSRARSSDRSRSRSSS;RRRSSR;RRRSR;RSRSRR;SRSDSS;SRSSS;SSRSRS;RDRSSR,3-6 7-5 6-3 6-3,1,177
10509194,18 Jan 17,Men'sAustralianOpen,ATP,Main,Bernard Tomic,Victor Estrella Burgos,1,SASS;SSAS;SSSS;RSSSRRSS;SASRS;SSSS;SSSRS;SSSS;RRSRR;RRDR;SRASS;SSRRSRRR.RRSRSSAS;RSSSS;SASS;SSSRS;SRSSS;SSRSRS;SRSRSS;SSRSRRARSRSDRARSSS;RRASSS;SSSS;SSSS;SRASS;S/AS/SS/SS/SS/RR.SSSS;SASS;SRDSSS;SRSRSS;RSRSSS;SSSS;RSDSRSSRSRSRSRSS;SRSDRSSRSS;SSSRRRSRAS;RSRADR.RRRASSSS;RSRSARAS;SRASS;RAASS;SSSS;SSAS;SDRSSRSS;SSSRRS;SSSS;SRSSS;SAARRS;SSSS;S/RA/RR/RR/RR/RS/R,7-5 7-6(4) 4-6 7-6(5),1,201
10514090,19 Jan 17,Men'sAustralianOpen,ATP,Main,Kyle Edmund,Pablo Carreno-Busta,2,SSRARS;RSSSS;SRRSSRSRRR;RSSSRS;ADDRR;SRSSS;SSARS;RSRSSS.SRSSRS;RSRSRSSRSRSS;SSSS;RSARAS;ASSS;SSSS;RRSSRSRR;RSSSS;SSRSRS;SRRRAASRRSRSSS.SRSSDS;SSSS;ARSSS;SRSSS;RSRRSR;SRRSRSSRSRSS;RSRSRSRR;ARASS,6-2 6-4 6-2,1,107
10514095,19 Jan 17,Men'sAustralianOpen,ATP,Main,Donald Young,Philipp Kohlschreiber,2,RSSSRDRASS;SSAS;SRSDSRRSRR;RSRSSDSRRSRR;SRSSRRSS;SRRSSS;RSASS;RSRSRSSS;SSRSRRSS;SRSSS;RSRRR;SSSS.SSSRRS;SSSS;SSRRRR;SRSSS;RSRSSS;RSSRRSSS;RASSRS;SSSS;RRRSR.RSSRRSSS;SRSRRR;SSSRS;RRRR;SSSS;RRSRSARR,7-5 6-3 6-0,1,108
10514516,19 Jan 17,Men'sAustralianOpen,ATP,Main,Richard Gasquet,Carlos Berlocq,1,SRSSRS;RRSSRR;DSSSS;RSRRSR;SRDSRSSS;ARSSRS;SRSSS.SRRRR;RSSSRRSS;RRRSR;SSSS;SDRSRSSS;SSSRS;RSRRSR.SRSRSRSRDSSS;SRSRRSRSSS;RASSS;SRSSRRRR;SRRSSRSS;SRRSSRSRSRRR;SSDAS,6-1 6-1 6-1,1,105
10514094,19 Jan 17,Men'sAustralianOpen,ATP,Main,Rogerio Dutra Silva,Gilles Simon,2,SSSS;SSAS;SRSSRRRSSS;SSSS;SSSS;SRSSS;RRRSR;SSSS;SSSRS;SSSRRRSS.SRRRR;SRSRSS;SRSRSRRSRR;ASSS;SRRDSSSS;SRSRRSRSSS;RRSSSRSRRR.SSSDS;RRSRR;SSRSRS;SDSSS;DSSDSS;ASRRSRSRRR;SSSRS,6-4 6-1 6-1,1,95
10514093,19 Jan 17,Men'sAustralianOpen,ATP,Main,Roberto Bautista-Agut,Yoshihito Nishioka,1,RRRSR;SSSRRRSRSS;SRRASS;RSRRSR;SRRRSSRARSRSSRSS;SRSRRSRSSRSRRR;ASSS;RSRSRSSRRR.SRSRRR;SRRRSR;ASAS;SRSSRRSRRSSRSS;SASRS;SRSRRR;SRSSRRRR;RSRRSR;SSSS.RSSRSS;RSSAS;DSRSSRSRRR;SRASS;SDRRASSRSRRSSRRSSS;RDRR;SRRSDR;RSSSS;RSRRSR,6-2 6-3 6-3,1,129
10514698,19 Jan 17,Men'sAustralianOpen,ATP,Main,Grigor Dimitrov,Hyeon Chung,1,SASS;DSSSS;SDSRRR;SSSRS;RRRSSSRR;RADSRARSSS;RRSRSR.SRRSRR;SRSSRS;RRSSDSSS;SSSS;SSSS;SSSS;SRRSSS;SSSS;SRSAS;SSSRS.SSRSRS;RRSDSSRR;RRSDSSRR;SSSRRS;SRSSS;ASSS;RRSRR;ARSSRS;SRSSS;DSSSRS.SSSRS;ASRRRSRSRSRSARSS;SSSS;RSSSS;SRRRR;RASSS;RSSRSS;SSRSRDRR;SSRRRR;SRRSSS,1-6 6-4 6-4 6-4,1,156
10514699,19 Jan 17,Men'sAustralianOpen,ATP,Main,Novak Djokovic,Denis Istomin,2,RRSSSRRSRARSRSRSSRSRRSAS;SSRSS;SASRS;RSSSDRSRRASS;SDSSS;SRRSSRRSRAAS;SSRRRR;SSRRRARSSRARRR;SSSS;RSASS;SSSDS;RSASS;S/RS/SS/SS/RR/RS/SS/SR/RR/S.SSRSRS;RSSSS;RSDSSS;RSSAS;SDRSRSARSS;SSRRSRSS;SSSRS;SSRSRS;RASSS;RSRDSASS;RRRSSR;SASS.SSSS;SDRSSRSS;RSSRRR;SRDRR;SRRRR;SDSSS;RRSRR;RSASRS.SSRRRSSS;DRSRR;RSSSS;SRSSS;SRSSS;SRSSDS;SSRRSRRR;SSRRSS;SRSSS;SRSRRSSS;SRSSRRSS;SRARSS;S/SR/SS/RS/RS/SS/S.SRSSS;SSSRRRSS;SSSS;RSSRSS;RRARSR;SRRASS;ASSDS;SSAS;RSSSS;SSRSS.,7-6(8) 5-7 2-6 7-6(5) 6-4,1,277
10514091,19 Jan 17,Men'sAustralianOpen,ATP,Main,Milos Raonic,Gilles Muller,1,SSSS;SSSS;ASRSRS;RRRR;SAAS;ASSRS;SSSDS;RSRRSSRSSS;AAAS.SSSRRS;SDRDSSAS;RSSARS;RSARRSSS;SSSS;SRASS;SSSS;ASAS;SSRRRR;SARARS.SSSS;RSRSSS;ASSRRRSS;ARASS;SSRSS;SRRSSS;SSSS;SSRSS;RRSSRSRSSRSS;RSSSS;RSSSDS;SRSRRSSS;R/SR/RA/SA/SR/RS,6-3 6-4 7-6(4),1,119
10514504,19 Jan 17,Men'sAustralianOpen,ATP,Main,Radek Stepanek,David Goffin,2,SRSRSS;SASS;RSSRSRRSRSRR;DSRSDSRR;SSSDS;RSRSRSSS;SRRRR;RSSSRS;SSDARS;SSSS.DRSRSSDR;RSASDS;RRRSR;SSSS;ASRDRSRR;SSSRDRRASRSRRSSS.SSSS;SSAS;RSSSS;SSSS;SRASS;RSSRSS;RRRR;ASSRRRSRSS;RDSSRR,6-4 6-0 6-3,1,104
10514503,19 Jan 17,Men'sAustralianOpen,ATP,Main,Gael Monfils,Alexandr Dolgopolov,1,ASSS;RRSSRSAS;SSRRSS;SRRRSSDSSS;ARRSRSSS;RRRSSR;ARAADS;RSSRRSAS;SSRSS.SRSSS;SRRRASRR;RSSSRS;SSSS;RRSRR;SRSARRSDSS;RSSRSRRR;SASS;DDASRSSDRSSRSRSRSRRSSS;RSASS.SRRRSSSRSDAS;RSRRR;SSSS;SRRRR;RSSSS;RSDSSS;SSSRS.SARSS;SRRRR;SSSRS;SRRRSR;RRSSAS;RRSSSRRR,6-3 6-4 1-6 6-0,1,117
10514700,19 Jan 17,Men'sAustralianOpen,ATP,Main,Andrew Whittington,Ivo Karlovic,2,SRSSS;ASSRRRSS;SSSS;SSAS;RRSDSSRR;SSDAS;SSDSS;ARSAS;RSSSS;SRDSRSSS.SARRDSRR;SSSS;SRSDSS;ASADS;RRSSSS;DRRSSSARSRAS;RRSRSSSS;SASS;SRRRASSRSS;RRSSSS.RSSRSRSS;SSDSS;SSSRS;SSRDRSSS;RDRR;SASRDS;SSSS;SASS;RSASRS;SSRDSRSS,6-4 6-4 6-4,1,121
10514096,19 Jan 17,Men'sAustralianOpen,ATP,Main,Alexander Zverev,Francis Tiafoe,1,SSSRRS;SSDSRS;SASS;SRSRRR;DSSSS;RRSSSS;RSRSRSSS;RSRSARSRRR.RSSSRDSS;SRSSS;SSRSRRSS;SSSS;DSASRS;RRSASRSS;SSSRRRRSSS;RSSRRSRR;RRSSSS.SSARS;SRSSRRSS;SSSDS;SARSS;SSSS;ASSRRRSDDSRSRSSS;SRRSSS;SSSS;RSRRASRSRR;ASRAS,6-2 6-3 6-4,1,116
10514507,19 Jan 17,Men'sAustralianOpen,ATP,Main,Fabio Fognini,Benoit Paire,2,RSDSRR;AAAS;RSRRR;RAADSS;SSAS;SSRRRSDR;SRSSS;RSSRAS;SSSS;RRRR;SRSSS;RRRSSSAS;S/SS/RR/RS/RS/S.SRSSS;SRRRSSSRSS;SRRSSS;SRSSS;SAAS;RRSSSRSS;SSRDSRSRARRR;SDSRDR;RRSSARRR;SRSDSS.SRRSAS;SRSSRS;SARDSS;RSRSSRSS;SSSS;SSSS;RSSSRRSS;RSRRSR;SSRSS.SRSSS;RRSSAS;SSRRSRSS;SRSRRSRASS;RRSSDR;RRASARARSRDR;RSSRRSSRSS;RRSRR;SSRRRSSS.SDSSS;RSSSS;SRSRSS;RRSRSSSRSRRSSRSS;RSRSDSSS;SSSS;SARSS;RRSRR;RSSRSRRARSDSSS.,7-6(3) 4-6 6-3 3-6 6-3,1,209
10514092,19 Jan 17,Men'sAustralianOpen,ATP,Main,Rafael Nadal,Marcus Baghdatis,1,SRRSSS;RSSDSRSRSRSS;RSRSSRRSSRSS;SRRARR;RRSRSSSS;DRRSSR;RSRRSR;ARASDS;RSSRAS.SRRSSRSRSRRR;SRSSRRSS;RSRRR;SSSS;RRSRASSRSRSS;SSAS;RSRSRR.SSSS;SRRSSRAS;SRSSRS;RRSRSSRSRSAS;ASSS;RSRRASRR;SSSS;SRSAS;SRSSRRSS,6-3 6-1 6-3,1,132
10514506,19 Jan 17,Men'sAustralianOpen,ATP,Main,Jordan Thompson,Dominic Thiem,2,SRRSRR;SSRSS;RSRSAS;RSSRSS;RRSRSSRR;SRRRR;RRRSR;RRSSAS.SSSS;RSSSRRRSSS;RSRRR;RSSSS;RRRR;SSSS;RRSSRR.SRRRSSSRSS;SSSS;SSSS;RRRSSSSRSRSS;RSSSS;RSSRRSSS;DSARAS;RSSSS;SSRDSRRSSDSRSS;ASSS;SASS;SRRSRSAS;S/SS/SS/RR/RR/SS/SR/S.RRRR;SSSS;RSASS;SASS;RSSSS;RSSSS;SRSRRSRSSDSS;SAARS;SSSRS;SSSS,6-2 6-1 6-7(6) 6-4,1,164
10494066,16 Jan 17,Men'sAustralianOpen,ATP,Main,Ryan Harrison,Nicolas Mahut,1,SSRSS;SSSDS;SASS;RRSSSS;SRSRSS;SRSRRSRSRR;RRRR;RRSSRR;SSAS.RRSSRR;RRSRSSSS;SSSRS;SSSS;SSRSRS;SRRRR;SSRRSRRSSRRSRR;SSRRSS;RSASDRRSSS;ARDSRARSSS.RSSRSS;SSSS;SRRRSSSRSS;SRRSSS;RSRSRR;SSRRSS;RDRSR;SRSSS,6-3 6-4 6-2,1,122
10494057,16 Jan 17,Men'sAustralianOpen,ATP,Main,Alex De Minaur,Gerald Melzer,1,RSRRSSSS;SSRRSS;ASSRRS;SSRSRRSS;SSAS;RSSDRSSRRSSS;SRRRSSSS;SSRSRS;RRSRSSSS;SSAS;SRRSRR;SSRSS.RSSRRR;RRSRR;RSSSRRSS;RRDSAR;SRRRSR;RRASSRSRARSRSS;RSSSRS;RRRSSSSRRR;SRSSRS.SSRSRS;RRRR;RSSSRS;SSSS;RRSSSRRR;RSRRASRR;SSSRRS;RSRRAR.SSSS;SSRRAS;RDRSSSSS;SSDRRSSRDR;SSSRS;SSSRS;SSSRS;SRSAS;RRRSSR;ARSDRSSRSRSS;RSSSRRSS;DSSRSRSS;R/SA/SS/SS/RR.SRASDS;SRDRSR;RASSS;RDRR;SSSDDS;SSSS;RSSRSS.,5-7 6-3 2-6 7-6(2) 6-1,1,222
10494073,16 Jan 17,Men'sAustralianOpen,ATP,Main,Kei Nishikori,Andrey Kuznetsov,1,SSRSRS;RSSSRS;RSSRSS;RSSRSS;SSSS;SSSS;SRASS;SASS;RSARRSRR;SRRSRR;RRRR;SSSRRS.RSSRRSRSSRSS;ASSRS;SSSRS;RRRR;SSSRS;RSSRRR;SRSSS.RSSSRS;SSSRS;SRRSSRSS;RSSRRR;DSRRSR;SRARSS;RDDR;SSRAS;SSSS;RSSSS.RSRSSRSS;RSRRSSRR;SRSRSRRR;SRSRSRRR;RRRSR;RASRRSSS;RSSSS;SSSS;SRRSSS;SSSS;RSSSS;SSRRSRSRSS;R/RS/SR/SA/SS/RR/RS/R.SRSSRS;SSRSRS;SAAS;RRRR;SRSRRSSS;SARSS;ASSS;RRSSRSRR.,5-7 6-1 6-4 6-7(6) 6-2,1,214
10494110,16 Jan 17,Men'sAustralianOpen,ATP,Main,Aljaz Bedene,Victor Estrella Burgos,2,RSSSS;SSSS;RSRSSS;RSRRSSSRSS;SRSSS;RSRRR;SSSRRRARSS;SSSRRS;SDRSSRRSRR;SSRSRRDSRSRSSS;SSRSRRRSSRSS;RSSSRS;R/RS/SA/SS/SR/RS/SR/RS/R.SRRRSSSS;SSSS;RSSSRRSRSS;RRSSDR;SRDSSS;SSAS;SRRSRR;SSRRSRSS;SDRSSRSS;SSSS;RSRSSS;SRRRR.RARRSR;SRSSS;SSDRDR;SSARS;RSRRR;DRSRASSS.RSRRSR;RSSAS;SSSRS;SASRDRSRDSSDARRR;SSSS;SSSS;SSSS;DSDRR;SRRSSRSRSS,7-6(7) 7-5 0-6 6-3,1,189
10494059,16 Jan 17,Men'sAustralianOpen,ATP,Main,Sam Querrey,Quentin Halys,1,SRARDR;SSRSS;RSSSS;RSSRRR;RDSASS;ARDRSSRSRR;RRRR;RSRRSSSRRSRSSDRSSS;SSSS;SASS;SRSSS;SDSRSS;S/SS/SR/SR/SS/SS/SS/SS/SA/SR/DR/S.DRSASRDSSS;ASSS;SSRRSDSS;RRRSR;RSRRSR;SARDAS;SRASS;SSAS;RSSSS;DARSARRSSS;SASRS;SSSS;S/SS/AR/SS/SD/RS.AASS;SRRSSS;SSSS;SSAS;RSSSS;RSSSRRRR;RASSDS;ASSS;RAAAS.RRSSRSRR;ARSRDASS;ASRSS;SSARRS;AASS;SRSAS;AAAS;DRASSS;SAAS;SAAS,6-7(10) 7-6(4) 6-3 6-4,1,165
10494107,16 Jan 17,Men'sAustralianOpen,ATP,Main,Bernard Tomic,Thomaz Bellucci,1,SSRSS;SRRARR;SSSS;RSSRSRSRRSSS;SSRSS;SASS;SSARS;RDRSSSSRSDRR.SSAS;SSDSRS;SSRRSS;ARRRR;SSRDRSRSRSARSS;RRRAR;SSAS.SRSSRRRSARRSSS;SSDSS;RRSSSS;SSSS;SSSS;SSSS;SSSS;SSAS;RSRRR;SRARAS,6-2 6-1 6-4,1,97
10494062,16 Jan 17,Men'sAustralianOpen,ATP,Main,John Isner,Konstantin Kravchuk,1,SSRRAS;SRRSRR;AADSS;ARSSS;RSADRSAS;SSDAS;RSSAS;SASS;SRRSSS.SARAS;SASS;SSAS;SSRSS;RARSARARRSRSRSRR;DSSSRS;SSSS;SSAS;SRSSS;SSAS.ASSS;SASS;SRSRSS;DARSSS;SRSSDS;SARSS;SSAS;SSSS;ASRRAS;SRAAS;RRSSRSSRSS;RSSSS;S/AS/RA/SR/SS/DA/S.ASAS;RDSRSR;SSRAS;SRRRSR;DSSARRRSSS;SAAS;AAAS,6-3 6-4 6-7(5) 6-1,1,143
10494325,16 Jan 17,Men'sAustralianOpen,ATP,Main,Guillermo Garcia-Lopez,Mischa Zverev,2,SASRS;RARSSRAS;RDRSR;SRRSRSAS;SSSRS;SSRSS;SRRSRR;SRSDRSRR;RSRRSR.ARSSS;RSRSRR;RRRSR;RSRSSS;SSAS;SSSS;SRSSRS;SDSSRS;SARRSRSRSRSS;SRSSRRSS;SSRSS;SSSDRS;S/SS/SR/RR/RS/SR/S.RRSRSR;SDRRSSSS;SSSS;SSSS;DRSSSS;SSRSRS;SRRRSSRR;SRSRRR;SRSSRS;SSSS,6-3 7-6(5) 6-4,1,141
10494816,16 Jan 17,Men'sAustralianOpen,ATP,Main,Marin Cilic,Jerzy Janowicz,1,SRASS;ASSS;ADSSRS;RSRRSASRSS;RRSSSRRSDR;SSRSS;SRRSSRAS;SRSSS;SAAS;RSRASDSS.SSSS;SRDRSASRSS;ASSS;SSAS;SASS;RSSRAS;SDRSSS;SSSS;SRDRAR;SSARS.SSSDDS;RSSRARSRSRSS;SASRS;RSRSDR;SSRSS;SSSS;SSSS;SRSDRR.SSRRSRSS;SRRSRSRSSS;SSAS;SSDRSS;DSSSS;SRRRR;RSASS;RRRR.SSARDRSS;RASRSRRR;RSSSS;SRASS;SAAS;AASS;RASSS;RSSSS;SSRARS.,4-6 4-6 6-2 6-2 6-3,1,184
10501006,16 Jan 17,Men'sAustralianOpen,ATP,Main,Go Soeda,Malek Jaziri,2,SRRSRSSS;SSRSS;SSRSRS;SSSRDS;SSSS;RASSRS;SRSRRR;SSSDRS;RRSRR.SARRRSSS;ARRRSSRR;SRRRSR;SASRRRSRSS;SSSS;DSSRRR;SSRAS;SSSS;RSSRDR;RSRSRSRSSRRR.SSSS;DRRR;ASRAS;SRSSRRSRRSSS;SSRSS;RSSRAS;SSRSS;SRRRSSSS;RSSARS,6-3 6-4 6-3,1,120
10494052,16 Jan 17,Men'sAustralianOpen,ATP,Main,Andy Murray,Ilya Marchenko,1,DSSDSDRR;RDRR;SSRRAS;SDDRR;SRSSS;SRSSRS;SRASS;RSRSSS;RSRSRSRR;RSSRSS;SRSSRS;SRSRRR.SSSS;RSSSS;SSRRRR;SSSRS;SSRRSS;SRSRSS;SRRSSRSRARSRSS;RSSRRSRR;SDRSSS;SSRRSS;RSASRRRSSS;RSSSRS;R/RR/SS/SR/RA/SS/S.RSSSS;RSSAS;RSRADSDR;SSARS;SRARRR;SARRSS;ASSRS;RASRAS,7-5 7-6(5) 6-2,1,167
10494098,16 Jan 17,Men'sAustralianOpen,ATP,Main,Dusan Lajovic,Stephane Robert,1,SSSS;SSSRS;SSRRSS;SSRRSRSRSRRR;SRRSSS;RSSRSRSS;SRASRS;SSSS;SSRRDSSS.DRSRSSSRRR;SSRSS;SSRSS;RSRSSS;SRDRR;RRSSRSRSSRSS;SSRRDSSS;SRRDAR;RARSRSSRRSRR.RRSRSSSRSS;RSSRRSRSSRSRSS;RRSRR;RSSRRR;SSSDRS;SDSRSS;SSRSRRRSAS;DSRRR;RSSSRS,6-3 6-3 6-3,1,119
10494086,16 Jan 17,Men'sAustralianOpen,ATP,Main,Diego Schwartzman,Pablo Cuevas,1,SSSS;RRRSR;SAAS;SDSSS;SSRSS;SSRSS;SSRSS;SSRSS;RSSSS.ARSRDSSRRR;SDRSSRRSDSRSRR;RSRSSS;SSSRS;RSRRR;SRSRSS;RSSRSRSRSS;SSSDS;RSRRR.SSRSS;RRSSSDRR;RSRSSRSDSS;ASRRSDRR;SSSS;ARARSRRR,6-3 6-3 6-0,1,82
10501008,16 Jan 17,Men'sAustralianOpen,ATP,Main,Lukas Lacko,Albert Ramos-Vinolas,1,RSRRSR;RRSSAS;SSRRSS;RSSSS;SSSS;SRSSS;AARRSS;SSRDSS;SSAS;RSDSDARSRSAS.SRRSSRSS;SSSRS;SSRRSRSS;SSAS;RSSSS;SSRSRS;SSSS;SSARRS;SSAS;DSSRDSSS;SSSS;RRSSRR.RRDAAR;RSSSS;RRRSSR;ARRARSSS;RSSSRDRSAS;AASRS;RRARSSSRRR.SSRSDS;RSSAS;RASRADRSDR;ASRSRS;SRSARS;SSRSS;RASRSS;ASSS;SRRSAS;SSSRDS.SRSSDS;SARRSS;RSRRSR;SSRRSS;DSSARS;RSSARS;RASRSS;SRSSS;SRSRRR.,4-6 7-5 1-6 6-4 6-3,1,200
10494101,16 Jan 17,Men'sAustralianOpen,ATP,Main,Adrian Mannarino,Karen Khachanov,2,SSRSS;SSSS;RSSSRRRSSS;RSASRRSS;SSAS;SASS;SSRRSRSRSS;DRSSRSSS;RRRSR;RSRSRSRSSRSS.RRSRSSSS;SSAS;RSRSAS;ARRSRR;SASS;DSSRSS;SSSS;ARASS;SSSS.ASAS;RDSSSS;AARDRSRASRSS;SSRARRRSSS;SRSAS;RSSSS;SRRSSS;ASRRSS;SSRSS;SARSS;AAARS;RSSRSS;R/RS/SA/SS/AA/RS/RA/SS/SA/SR/S.RSRSRSRR;SRSRSRSS;ASRSS;SASS;SSRSS;ASSDS;SRSSS;RSASS;SSRSRRRSRR,6-4 3-6 7-6(9) 6-3,1,164
10494091,16 Jan 17,Men'sAustralianOpen,ATP,Main,Paul Henri Mathieu,Andreas Seppi,2,SSSRRS;RSASS;RSRSSRRSRADSSS;SSAS;ASAS;SSSRS;RSRRR;SSRSS;RASSS;RRSSAS.SSSS;SARRARRSRSRARSSRSS;SDRASS;RRRASR;SRDSRR;ASARRS;SSDRSS;RRARSSSRSRSS;SRSSS;SSAS;SSSS;ARSSS;S/SS/RS/SS/SS/SS.RSASS;SRSSRS;DARRSSSS;SRSRSRRSSS;SRAARS;RAADRSSS;SSSS;RSSRAS;DSRRASSS;SSSDS;RSSSRRSS;SARSS;R/SS/SS/SS/RS/S.RSRRSSSS;SSAS;SRSSS;SAARRRDSSS;RDSSSS;DDASSS;AASS;SASS;SRSSS;RSSSS;RRARR;SSSS,6-4 7-6(4) 6-7(3) 7-5,1,185
10501002,16 Jan 17,Men'sAustralianOpen,ATP,Main,Bjorn Fratangelo,Noah Rubin,2,RSSRSS;SSSRS;RSSRAS;ASSRRS;RRSRR;SSRRSS;SSSS;DSRRSSDR;RRASRSRSSRRSSS;SSRSRRRASS;SSSS;SSRSRS;S/RS/RA/SS/SS/RR.SRSRSRSRSRRSSS;SRSSS;SSSS;SRSSS;SRSSRS;SSSRS;SSSS;RRASSRSDRSSS;RSRSRR;RSSSRRSRRR;SASRS;SSRRSRRR.RRDAR;DSSSRRSRRR;RSRASS;RSSSS;RSRSDR;SSADS;SSSS;RSSDSS;RSRSRR.RSRSARSDRSSS;RSRSSS;RRSRR;SSSRS;SSRRSS;RSSRSS;SRRSSRRR;SRRSSRSRSS.RRRR;ASSDS;RRSSDR;RSSSS;RRSSSRRSSS;SRSSS;SRRSADSS;ASSRS.,6-7(4) 7-5 3-6 6-2 6-2,1,188
10494323,16 Jan 17,Men'sAustralianOpen,ATP,Main,Jo-Wilfried Tsonga,Thiago Monteiro,1,SSSRS;DSRRR;SASS;SSAS;RSADSS;RSSSRRRR;SSAS.RSSDRR;DDSSSRSS;SSSRDS;ASAS;RSSSRS;RRSSRSSS;DSSSS;ASSS;SRSRRR.SASS;SSSRS;SASRS;RSRRSSSRAS;ASSS;SASS;SRRSSRSRAS;DSRSSS;ASSS;SSSS;SRRDSSRR;RRDSR;R/SR/AR/RR/RS/SS/R.SRRRSR;SRSSS;RDRSSR;SSSS;SSRSS;ARARSS;RSRSRSSS;SSSS,6-1 6-3 6-7(5) 6-2,1,143
10509188,16 Jan 17,Men'sAustralianOpen,ATP,Main,Marcel Granollers,Dudi Sela,2,SSRSRS;SDSRSS;RSRRSSSS;RSSSRRSRARSS;SSARS;RRSSSRSS;SRRSRSRSRSRSSS;SRSSRS;RRRR;SSRRSRRR;SSSDS;DRSRR.SSDRRR;RSSRSS;SSSS;RSSSRS;SSSRS;SRSSRS;RSRSSRRSSS;SSSS;RSSRRR.RRSRSSSRRSSS;RSSRRR;RRSSRSRR;SSRRRR;RRSRR;RRSRR;RSSSRS;RARSRR.RSSSS;RRSRR;SSRRSS;RRRSR;SSSS;RRSSRR,5-7 6-3 6-2 6-0,1,153
10494331,16 Jan 17,Men'sAustralianOpen,ATP,Main,Daniel Evans,Facundo Bagnis,1,SSRSS;ARARRSSS;RSSSS;SRSSS;RSSSS;SSSDS;SSAS;RRASSRSS;RSSSS;SSSS;SRASRRRASS;SRSAS;R/RR/RS/SS/DR/RR/SS/SR/RS/R.RRRR;SDASS;SRSSS;SASS;RDSRSSARSS;SSAS;SSRRSS;RRSSARSS;RRRR.SRSRSS;RADRSSRSRR;SSAS;RSSDSS;RRSSARRSSS;RARRR;SAAS,7-6(8) 6-3 6-1,1,116
10501003,16 Jan 17,Men'sAustralianOpen,ATP,Main,Lucas Pouille,Alexander Bublik,2,RSRRSSSDRR;SRSSS;RRSRR;RSSSRS;SRRRR;DSASS.SSSS;SRRDAR;SSSS;SSRADS;SSSS;DSRSSS;SRSRRSSS;SRASS;SSSS.ASDDSS;DRSSSS;SSRRAS;ARSRSRRSRR;RSRRR;RRDR;DSSSS;SSDSS;SSRARS.ASSDS;SRSSS;RRSSRR;SSSS;SASS;SDSRRSAS;RRSRR;RRSRSR;RSSRSS;ASDSS,6-0 3-6 6-3 6-4,1,99
10494327,16 Jan 17,Men'sAustralianOpen,ATP,Main,Pierre-Hugues Herbert,Jack Sock,2,RARRSSSS;SRASS;ASRRRR;DRSRSSAS;SRSRARSS;SSRRRSRSSRSS;SSAS;SSSRRRRSAS;SASS;ARSSS.RSSSS;SRRRR;SRRSRSRSRSRSARRR;SSSRS;SSSS;SDRSSS;SSSS;SRRSSS;SARSS;SSRRSS;RSSRAS;DSRSSS;R/SS/SS/RS/RR/RS.SSSS;RRRR;SSSS;ASSRS;SSSRDS;ADRSRSRSSRRSSS;DASSS;SRDSAS;SRSSRS,6-4 7-6(4) 6-3,1,133
10494079,16 Jan 17,Men'sAustralianOpen,ATP,Main,Steve Johnson,Federico Delbonis,1,SSAS;RDRR;SSSS;SRSSRS;RSSSRRSS;SSRSS;SSSS;SASRS;ASSS.RRSSSS;ASSS;DSRSSS;RRSSSS;RSSRSS;SRRSSS;RSSSDS;ADRRSSARSS;RSSRRR;SARAS.DSRSSS;SSSS;RRSSRSRR;RSRSSS;RSRSSRRSSS;SSRAS;RRSSRSSS;SSAS;SSSS;RASSA,6-3 6-4 6-4,1,120
10494093,16 Jan 17,Men'sAustralianOpen,ATP,Main,Nick Kyrgios,Gastao Elias,1,ASAS;SDRSRR;SSAS;RSSRRR;SSSRS;SRSSS;SASRS.RSRRR;ASSS;SSSS;SSSS;ASRSRS;SSSS;RRRR;SASS.SRRRAASRSS;SSRRSS;RSSSS;SSSRRRSRSRAS;RRRSSSDR;SSDADS;SSSRRRRR;SRSSRS,6-1 6-2 6-2,1,84
10501004,16 Jan 17,Men'sAustralianOpen,ATP,Main,Jurgen Melzer,Roger Federer,2,SSSS;SSSS;SSAS;SRSSS;RSDSSRSS;RSSRRR;RSRSSRSRRSRR;SSSS;SSRSRS;ASSS;RRRR;SSSS.RRRR;RSRASRSS;SSSS;ASAS;SSSS;SRRARSRR;SSSS;RARRR;SRSRSRSS.SSSS;SRSSRRSS;RSSRARSS;RSRRR;SRSSS;SRRSRSSS;SRARSRSS;RRSRR.SAAS;RSSSRS;SRSARRSRAS;RRSRR;RRASSS;RRSSSS;SRSSRS;SRRSRR,7-5 3-6 6-2 6-2,1,125
10494121,17 Jan 17,Men'sAustralianOpen,ATP,Main,Nikoloz Basilashvili,Philipp Kohlschreiber,2,SSSRS;SRSSRS;ARRSSRRR;SSAS;SSSS;SSRSS;SSRSS;SSSS;RRSSSRSRSS;SSRSS.RSRSRSSS;SSRSS;RSSSS;RRSRR;SRSRSS;ASRDSS;SRRSSS;RSSAS;SRSRSRSS.RRRR;SRSRAS;RSRRR;RSSSS;SSSRS;RSSSRRSRDSRR;RSRRSSSRSS;SSRSS;ASDSS;RRRSR;SRRSSRRSSS;SRSAS;S/SR/SD/RR/SS.SRSSS;SDSSS;RSSRRR;SSAS;RSSSS;RRSSRSSS;SSRRSS;SSSS;RSSSRRSS;SSAS,6-4 3-6 7-6(2) 6-4,1,152
10494123,17 Jan 17,Men'sAustralianOpen,ATP,Main,Robin Haase,Alexander Zverev,2,RSSRSRRR;RRRSSSSRAS;RRSRSR;SSRSDS;SRSSRRRSSDSS;SSSS;SSDRSS;RAARRSSS.RSARAS;SSSS;SSDSS;RADSSS;SSAS;ARASS;SRSSRS;RRSRSR;SRRSSS.SRSRSS;RRSSRR;RSDRSASS;RSDSSS;DRSSRR;SSSS;SSRSS;SSSS;SSSS;SRDSAS;RSRSDR;SSSS.SRRRR;SSSRRRRSSS;RRSRSSSRSS;RSASRS;SSARS;RSDRR;SSSRRS;RRRSSR;RSSSS.ADSRRR;SSSS;RRSRSARR;SSARS;SRSSRS;DSSRRSSS;SSSS;RSSRRSSDRSSS.,6-2 3-6 5-7 6-3 6-2,1,174
10494136,17 Jan 17,Men'sAustralianOpen,ATP,Main,Gilles Simon,Michael Mmoh,1,SSSRS;SSRAS;SSRSS;ARRRR;SRSRRSRSSS;SRSRDSSRSRRR;SSRSS.SSDAS;SRSDRR;SRRRR;SDSRRSSS;SRRSAS;SSRSS;DRRR;SSSRRS;SRRRR.SRSRSRSS;SSSRS;RSSSS;RRSDSR;RSASRDSS;SRSSS;SSSS;SSRSRRSRSRSRSS;SRRSRSSS,6-1 6-3 6-3,1,111
10494139,17 Jan 17,Men'sAustralianOpen,ATP,Main,Jared Donaldson,Rogerio Dutra Silva,2,SSAS;SRRSRSSS;SRRSDSRSSS;SSSDS;RSSSS;SRSRRR;SDSSS;ASRRSRSRSS;RSASRS.SRSRRR;RRSSRSSRSS;RSRRR;SSSRS;RSRRR;SSSS.RSRSSS;SSRSRRRSRR;RSARRSSRSS;RSRRSR;RASSRS;SRSSDS;SSSRS.SSRSS;SARSS;RSRARR;SASS;SSSS;SSARS;SRSRRSDSSS;SSSS;SSRSRS;SRSRSRSS.ARRRR;SSSS;SSSDS;RRRASR;RRRR;SRRRSSRSSS;RSSRSRSS;RSSRSS;RRASRSSS;SRSRAS.,3-6 0-6 6-1 6-4 6-4,1,185
10519564,20 Jan 17,Men'sAustralianOpen,ATP,Main,Andreas Seppi,Steve Darcis,1,SSSRS;SRSSS;SRSRSS;RSSRRSAS;SSSS;RSSRSS;SRRRR;RSSSRRSS;DSRSRSARSS;SSRSS.RSSSS;RSSSS;SSSS;SSRSS;SSSS;SASS;SRSDSS;RSSRSS;SDSSS;RDSRR.SDSSS;RRRSR;RSDRSR;SSRRSS;RRSRR;SRSSS;RRSSSS;SRSSS;SSSS;RRSSRR;SARSS;SSSDRS;S/RR/SS/RS/S.SASS;ASRSS;SRSSS;SRSSS;RRSSRR;ARSSS;RSSRSS;RSSRRSSRRR;SSRSS;SRSSS;SSRSDS;RSRSSRSS;A/SS/RS/SS/RR,4-6 6-4 7-6(1) 7-6(2),1,187
10519565,20 Jan 17,Men'sAustralianOpen,ATP,Main,Jo-Wilfried Tsonga,Jack Sock,1,SSAS;SARSS;SSSS;RSSSS;SRRSSS;RSRSSS;ASRSS;SSSRRS;SSSS;RSSDSRSS;SRSSS;SRSSS;S/RS/AS/SS/RS/RR.RSSRSRSS;RARSRSSS;RSSSS;DADSARSS;RSSRRSRSSS;SSRSS;SSSRS;SRRSSRARAS;RSRSRSSS;DSSSRS;SSRRSDDSRR;ASSS.SRRRSSSDDR;RARRSR;RRSSSS;RRASRSADAS;RSSSS;ARSAS;SSSS;RSSSRS;RRSSSRSRSRRSSRSS;SSRAS;RRSSSS;SSSS;R/SS/RS/RR/SS/SS/SS/SS/SS/R.RSAAS;RRRSR;RSSSRRSRSDSS;RRSSSS;SRSSS;ASSS;RRSSSS;RSRSSRSS;RRSRSAAS,7-6(4) 7-5 6-7(8) 6-3,1,212
10519132,20 Jan 17,Men'sAustralianOpen,ATP,Main,Malek Jaziri,Mischa Zverev,2,SRARSRRR;SRSSRS;RDSRR;SSAS;SSSS;SRRSSRSS;SRRRR.RRRR;SRRRSSRSSS;SRSSS;SRSSRS;SSRRRR;RSRRSASRSRRSSS;RSSAS;SSRRRSRSRR;SRSSS;SSSS.SRDRR;SRSRSRSS;SADSS;SSSS;RSSSS;DRSRR;SDSSS;RRSSRR;RSSSS.SRDSSRRR;SSRRSS;SRSRSRRR;SSRRSS;SRSSRRSRRSRSRSRSDR;RRSSRSSS,6-1 4-6 6-3 6-0,1,141
10519134,20 Jan 17,Men'sAustralianOpen,ATP,Main,Stan Wawrinka,Viktor Troicki,1,RSRASS;DSARSS;SSAS;SRRRR;RRAARR;RSSDSDSS;RRDR;SSSS;RSRSSRRR.SSSS;RSRRSSSS;RRSSRSRSSS;RSRSAS;SRRRSR;ASSS;SRRSRSRR;ASAS.SRARSRRR;RRSAAS;RRRR;SSSS;SDASS;SSRSS;SRRSSS;SSRRAS.SARARS;SSRSS;SRRRSSSS;SRSSDRSS;SSSRRRSRRR;RSSSS;SSSRS;SSAS;SRDSSS;SRRSRSDR;DDSRR;RSSRRSRR;R/AS/SS/SS/SS/RS/SS/SS/R,3-6 6-2 6-2 7-6(7),1,152
10519566,20 Jan 17,Men'sAustralianOpen,ATP,Main,Sam Querrey,Andy Murray,2,SSAS;SRSSRS;SSRSRS;SDSSS;ASRSS;SSRARS;SSRRSS;RSSRRSSS;RSSRARRSRSSRRR;RSSSS.ASSS;RSASS;RRRR;RSSSS;RRSSSRSS;RASSS;RDRSR;RSSSS.RSRRR;RSSSRS;SSRDSS;RRSSRSRR;SRRSSS;SRRSSRSS;SRSSRRSS;SARSRRSS;SRRSRR;ASRSDS,6-4 6-2 6-4,1,119
10519619,20 Jan 17,Men'sAustralianOpen,ATP,Main,Bernard Tomic,Daniel Evans,2,RRSRSR;SRSSS;SSARS;SSRSRRRR;SSSRRRRR;RRRSSR;ASAS;SSSS;RSSSRS;SSARS;SRRASRRR;SSAS.RRSRSR;DSRSSRSRSS;SSAS;RRSSSS;SRSAS;ARRSSRSS;SRSSS;RSSRSS;ARSRAS;RSSSRRRR;SRSSS;RSRRSSSRSS;R/SS/AR/SS/SR.RSSRSS;SRSSRS;SSAS;SSDSS;RASSS;SARSRS;RSSRSRSS;SSSS;RSRRASRSAS;SSRSS;RSRSSRARSRSS;RASRARSRSS;S/AS/SS/RS/SS/R,7-5 7-6(2) 7-6(3),1,168
10518457,20 Jan 17,Men'sAustralianOpen,ATP,Main,Lukas Lacko,Kei Nishikori,2,RSSRSS;SSSS;RRRASSSS;SSSRS;ASSS;ARSSS;RRADR;SASS;SSRRSRSS;SSRSS.SRSSRRRR;SSDSS;RSSRRR;SSSRS;ASSRRS;SSSS;SRRSARSS;DRSRSR;SRRSRSSRAS;RSSSRS.SARRSS;SSRRSS;SRRSSRARRSSS;SSAS;SRRASRRR;SSSDRS;RSSRSS;RSSRSS;SRSSS;RSSSS,6-4 6-4 6-4,1,131
10519131,20 Jan 17,Men'sAustralianOpen,ATP,Main,Tomas Berdych,Roger Federer,2,SSSS;SSDDAS;RSSSS;SSSS;RRSRR;SSRRAS;SRSSRRRR;RSASRS.RRSRSR;SSSS;SSSS;ASSRS;SSRSS;SSRSS;SRSSS;ASSS;RSSSS;SRSSRS.RSDARR;RSSSS;SSAS;RARSAS;SASRS;SSSS;RSSSS;SSSS;AASRRDARSDSRSS;SSARS,6-2 6-4 6-4,1,90
10523709,21 Jan 17,Men'sAustralianOpen,ATP,Main,David Goffin,Ivo Karlovic,1,SSSS;SRARAS;SSSRS;ASSS;RSSAS;SRSSS;SSRSS;RRRSSR;RSSSS.SARRSRSRARRSSRRR;SDSSS;RSAAS;SSSS;RAARDR;SSRSS;ARASS;SSDSS.SSSS;RSSSS;ARSSRS;SRRASS;SRRSRR;SSSS;AASS;SSSS;RAAAS;SSSS,6-3 6-2 6-4,1,87
10524448,21 Jan 17,Men'sAustralianOpen,ATP,Main,Dominic Thiem,Benoit Paire,1,ASAS;RSARDR;ASSS;SRSSRRSRARDSRR;RSSRDSSS;SRSSS;RRSSSS.SRASRS;RRRSSSSS;RSSSS;RRRASASS;SRSSRS;SASRS;SSSRRS;SRSSS;RSSSRS;SRSRSRDR.SSSS;RDSSRR;DSARRR;SSRSS;SSAS;SSRRRSSS;RRSRSSSS;SSSRRS;DSSSRRRR;SSSS.RRASDR;SRRRR;SSAS;RSRSSRRSRSRSSRSRRR;SADRRR;RSRRSR;RRSSRR;ASSS;RRRR;RSSRSRSRSS,6-1 4-6 6-4 6-4,1,143
10523345,21 Jan 17,Men'sAustralianOpen,ATP,Main,David Ferrer,Roberto Bautista Agut,2,SSRRRR;RSSRRR;SSSRS;SSRSS;SSRSS;SSSS;SSSS;SSRSS;RRSRSSRSSS;SSRSRS;RRRR;SRSDSS.SRRSSS;RDSRSSRR;SSDSS;SRRSSS;SSRSS;RSRSSS;RSSRSS;RSSSS;SRSRRR;RRSSRSSS;RSSSS;SSDRRSSRRSRSRSSDRSSS;S/SS/RS/RR/RS/SS/SS/R.SRRSSRSRRSSRRSRR;SRSRRSDR;RSRRSSSS;SRSSRS;SSRRRSSS;SSRRSS;SSRSRDSS;SSRSS;RSSSS;SSSRRS;RSSSRS;SSRSRS;S/RS/SR/SR/SS/R.RRSSSRRR;SSRRRSSRRR;RSRSRR;SSRSRRSS;SRSSDRSS;SSSRRS;DRRSSSRR;SRRRSR;RSSSS;SSSS,7-5 6-7(6) 7-6(3) 6-4,1,242
10523788,21 Jan 17,Men'sAustralianOpen,ATP,Main,Denis Istomin,Pablo Carreno Busta,1,SRSARS;SSRSRS;ASSS;SRSSRS;RRRSSSSS;RRSASS;SSSRRS;SRSDAS;SSSS;RRSADSRR.SSRSS;RRSSSS;RSSSS;SRRSSRSS;RRRSR;SRSSS;RSSSS;SRSSS;RSSRSS;SRRSSS.RSASS;RDSSRR;SSSRS;SRSRAS;SSRAS;SSDSRS;DRSSAS;SSRSRRSRSS;RRSSARRR;RSSRRR.SSSRS;RSSSS;ARSRRSRSRR;RSSSRRSS;SASS;SSSS;SRRSRSRSRSSS;RSRSSS;SSSS;SSSS.SSRSRRSS;SSRSRS;RSSSS;RSSSRS;SSSRS;RRSSRR;RSSSS;RRSSRSSRRR.,6-4 4-6 6-4 4-6 6-2,1,207
10524447,21 Jan 17,Men'sAustralianOpen,ATP,Main,Rafael Nadal,Alexander Zverev,1,RSSRRR;ASRDSS;RSRSRSSRSS;SSDRRSSS;SSAS;SSSRS;SSSS;ASSRRS;SSDDRSSS;SRSRSRSS.SSSS;SRSSS;SASS;SRDRR;SRSSS;SSRSS;SRSRSS;RDSSRSSS;SSSS.SSAS;RSRSSS;SRSRSRSRSRSS;SSSRS;SDRSSS;SSSS;SSRDSS;RSDSSS;SRAAS;RSSRSS;SSAS;RSSRSS;S/SR/RR/RR/RS/SR/S.SSSS;RRDSSARR;SASRS;RSASRS;RSRARSSRSRSS;SADDSRRSRSSS;RSRSSRSS;SSSS;RSSRSS.RARRR;RSSSDS;SSAS;RRRSSR;RSSARRARDSRSSRRR;SSAS;RSARSRRASDRSSRSRRR;SRASS.,4-6 6-3 6-7(5) 6-3 6-2,1,245
10523707,21 Jan 17,Men'sAustralianOpen,ATP,Main,Milos Raonic,Gilles Simon,1,SAAS;SSSS;SRAAS;RRRSR;ASARRS;SSRSS;RDRSSSSDSS;RSSRRSRR.ASAS;RSSSS;SRSSS;SRSRSS;RRASSS;RRSSSRSS;SRASS;SSSRS;SSSS;SSSRRS;RRSSSS;SSSS;S/SR/RA/SR/RA/RS/S.SSRSS;DSSSRS;SSDSS;SSSS;SRSRRR;SRSSRRRR;SSRSS;RSSRRR;SSSRS.SRSSRS;SSSRRS;RSASS;SRRRR;RSRRR;RRSRR;SASRS;SSSRS;RSRSSS,6-2 7-6(5) 3-6 6-3,1,155
10523706,21 Jan 17,Men'sAustralianOpen,ATP,Main,Gael Monfils,Philipp Kohlschreiber,1,SRSSRS;SRDSSS;RSSRRSSS;SSSS;RSSRAS;RSSSS;ASSS;RSRSRSRR;SRSRSS.SRRRR;DARRR;SSRRRR;DSSRRSAS;SSSS;SSSRRS;SSSS;SRSSS;SASS;RRSRAR;SSRAS;SRSSRS;D/SS/RS/SS/R.RSSRSS;RRSSRR;SARRRR;RSSSS;SASS;SSSRS;SSSDRS;SSSS;SSRSS;RSRRR,6-3 7-6(1) 6-4,1,115
10523346,21 Jan 17,Men'sAustralianOpen,ATP,Main,Grigor Dimitrov,Richard Gasquet,1,RDSSSS;RSSSRRRSRSSS;SSSRRRRSARRR;RSRDR;SSSS;SRSSDRRSSS;SRSAS;RRRR;DRRSSSRSSRSRSDSS.RRSSRR;SSRSRS;SRRSSS;RSRSSRSRRSSRSS;RSASRS;ASSS;RSRRSR;SSSS.DRRR;SSSS;RSASS;SSSDS;SSSS;SSARS;SDSRSRSRSS;SSRSS;SSSS;SSSRS,6-3 6-2 6-4,1,122
10528720,22 Jan 17,Men'sAustralianOpen,ATP,Main,Andy Murray,Mischa Zverev,2,SSRSRS;RRSSSRRSSS;RSSSRRSS;SSRRRSRR;SSSDRRSRRASRRR;SSSRRS;ARRRSSSRSRSS;RSRSDR;SRRSRR;SRSSS;SRRSRR;SSSS.SSRSS;SRRRR;SRRDSSDSSS;RSSAS;RRRSSR;ARRSRSRR;SRRSSDRR;SSRRSS;ASSS;RRRSSSRSSRSS;SSSS;RRRR.SSSRDS;ARSARS;RRSASS;SRRSSS;RRRR;SRRSRSSRAS;RSRRSR;SSSRS.RSSSRRRR;RSSSRS;ARSSDS;SDRSSS;ARSSS;SRSSS;SRSSS;SSRSRRSS;RSSRSRSRSS;RSRSSS,7-5 5-7 6-2 6-4,1,214
10529336,22 Jan 17,Men'sAustralianOpen,ATP,Main,Roger Federer,Kei Nishikori,1,SRRRSSRSRR;RSSSS;RSRRSSSRSDRR;ASSRRS;RSRSSRSS;SRRSSS;SSAS;SRSRRR;ASSS;RRSSRSRR;SRSSDS;SSSRRS;S/SS/RS/SR/RA/SS.RSSSS;SASS;DSRSSS;ASRSS;SSRRAS;SRASRRSS;SRRRSSDR;SASS;SSSRS;SSSS.SSRSS;SSSRRS;RRRSSR;SDSDRSSRSS;SRDRR;SSSS;RRRSR.ARRAAS;RDSSSS;SSDRSS;SRDSSRSRSRSRSRRSRSSS;SRRRR;SSSRS;ASSS;SRSRSS;SSAS;SSSS.SRRSSDSS;SRRRSR;SSRAS;RRSSRSRSSS;SSRAS;SRRSSRSS;RASSS;ASRSS;SSAS.,6-7(4) 6-4 6-1 4-6 6-3,1,198
10533634,23 Jan 17,Men'sAustralianOpen,ATP,Main,David Goffin,Dominic Thiem,1,RSSSS;RSSRRR;SRRRSR;SSSS;RRSSSRSRARRSRR;RSSRRR;SSRSS;SRRSAS;SSSRS;ASSS;RSRRR;SASS.SSSS;SRASDS;SSRAS;SSSS;SRSRSS;SSDRSS;RSSARS;SRSSS;SSSS;RRRSSARSSS;RARASRSRSS;SRRSSS;S/RR/RS/SS/RA/RR.SRSSDS;RSSRSS;SSRSS;SRSSDS;SRRRSSRADR;SAAS;RRSRSSRR;RRSARSSS.ASAS;SSARDRSS;SRRSARRR;SASS;SRRSSDSRSS;SSAS;RRRR;SSSRS,5-7 7-6(4) 6-2 6-2,1,163
10534729,23 Jan 17,Men'sAustralianOpen,ATP,Main,Milos Raonic,Roberto Bautista Agut,1,SSAS;RSARRSARRSRSRR;SAAS;RSRRSSRSARRARSRSSS;SSSS;SSSS;DRRR;RSSRRSSS;SAAS;SSRSS;ARASRS;SSAS;R/SS/RS/SR/AA/RR/RS/R.DDRR;RSRRSSRSSS;RSASRS;ARSDRR;RSRSSRSS;DASRRR;SRSRSS;SSSRS;SSSS.ASSS;SSSS;SSDRSS;SASS;ARRAAS;SSRDSS;RSSSS;SSSS;DSARRSRSDASS;SRRSDR.ASAS;SRRRSR;SSAS;RRRR;SARRDASS;SRSSS;SAAS,7-6(6) 3-6 6-4 6-1,1,172
10534728,23 Jan 17,Men'sAustralianOpen,ATP,Main,Rafael Nadal,Gael Monfils,1,RRSARSSRSS;RSRRR;SRSSS;SSSS;SSSS;SRRSSDARSRRSARSS;SSRRSS;SRRSRSSS;SRSSS.RSRRR;RSSRSS;SSSS;SSRSS;ASDSS;RRRSR;RRRR;SSSRS;RRRSSR.SSSS;SSRRSS;RSSSS;SSARS;RSSSRRSS;SSRSDRARSS;SSRRSS;SDSSDS;SRDRR;RRRSASDSARAS.SSSS;SRSSS;SSSS;RRARSSSDSS;RRRSR;SSRAS;RSSSS;SSRRRR;SSSS;SSRRRSDR,6-3 6-3 4-6 6-4,1,168
10538894,24 Jan 17,Men'sAustralianOpen,ATP,Main,Jo-Wilfried Tsonga,Stan Wawrinka,2,SSAS;SSSDS;SSRSRS;RRSSSRSS;ARRSSS;RSASS;RSSSS;SRSAS;SSSS;RSSRSS;RDSSSS;SSRSRS;R/SR/SR/SS/RR.RSSSS;RSSSRS;SRRRSSSS;RSSSS;RSSSS;SRASDS;SRSSRDRR;RRRR;RSSSRS;RSRRR.RSRSRSSRARRSSS;RRRR;SSRSS;SRSRSS;SSRSS;SRRSSS;SRSRRSSS;RSRSARSS;SSSS,7-6(2) 6-4 6-3,1,134
10539271,24 Jan 17,Men'sAustralianOpen,ATP,Main,Roger Federer,Mischa Zverev,1,SSSS;SSRRRR;DRSSSS;RRRSR;SSSS;SRASRS;SRARSRAS.SSSRS;ARRSSS;SSSS;RRRR;RRSRSR;SSRRSS;SRSSS;SSRRSS;SSSS;SRRSSS;RRRR;SSSRRS.RRSSSRRSSS;RASSS;SSRRSS;RASSS;SSRRRSSRRR;SRSSS;RSSSRRRSSRSRSRRSRSSRRSRARR;SARRRAAS,6-1 7-5 6-2,1,92
10543380,25 Jan 17,Men'sAustralianOpen,ATP,Main,Grigor Dimitrov,David Goffin,1,AADSS;RSRRR;SARSS;SSSS;SSRRRSSRRSRSRR;SSSS;DSRSSS;RSSRSRRARARSRR;SRRSRSSS.RSRDR;DRSRR;RRSSDSRR;RSAARS;RSSRARSS;RSSRRSSS;RRSRR;RSSRRSRSRSSRSS.RSSSS;SSRSS;RSSRRSSS;SRSSDS;RRSRSASRSS;SSSS;RASSRRRR;RSSSRS;SSRRRSRSSS;SSSS,6-3 6-2 6-4,1,132
10543910,25 Jan 17,Men'sAustralianOpen,ATP,Main,Milos Raonic,Rafael Nadal,2,RSSSDRSRARSS;SSSS;ASSS;RSSRSRSS;SSRRRSSS;SSSS;SRRRR;SSRAS;RAAARS;SRSSS.SASRS;SRSRSRRSSRSRSDSS;SSRRSS;SRSSS;SSRSS;RSARSS;SSRAS;SSSRS;RSRSSRSS;RRSDSSRSSS;ASRRAS;SRSAS;S/SS/SS/SR/SR/RS/DS/SS/R.SSSS;SSRSRS;RSSSS;RSSSS;SSSDRS;RAARSRSS;SSDSS;SSRRSS;SSSS;RRRR,6-4 7-6(7) 6-4,1,158
10548455,26 Jan 17,Men'sAustralianOpen,ATP,Main,Roger Federer,Stan Wawrinka,1,SSRSS;RSSAS;RSRASRSS;RRRSSSARSRSS;RRSRSSSRSS;SSRRSS;RSRSSS;SRSSRS;SSSS;SRSSRS;RSRSRSSS;RSRSRR.SDSSRS;ASSRS;RSRSSS;SSSRRS;SSRSS;RRSRSR;SRSSS;SSSRRS;SSSS.RSRSSS;SASS;SRSRSS;RRRSR;SSSRS;RSSRRR;SASS.RADSRR;SRSRRSDR;SAARS;SSSRS;RSSAS;SSRSS;SRSAS;SSRRSRSS;RRRSSR;SASS.SSSRS;SSAS;ARSRRSSS;RRASSS;RSSSRRSRRSSS;SRRRR;SSSRS;ASRSS;SSSS.,7-5 6-3 1-6 4-6 6-3,1,184
10553558,27 Jan 17,Men'sAustralianOpen,ATP,Main,Rafael Nadal,Grigor Dimitrov,1,RRSRSSSRSS;SSAS;RSSSS;SRRRAR;ASAS;SSSRS;SSSS;ASSRS;RSSSS.RSSSS;SRSSDS;SSSRRS;RRRR;SRRSSS;RSSAS;DSSRRSRR;SSRSRRRR;SRRRR;SRRSRSRSRSRASS;SSRRAS;SRRRR.SSSS;SSSS;SRRDSSAS;SRSSRS;ARRSRR;DSRRSSRSRR;SSARS;SSSS;SRSSS;SSRSS;RSRSSRSS;SSSS;R/RS/RS/SR/RA/RS/R.RSSSRS;SRSRAS;SSARS;SRSRSRSS;RSRSSS;SRSRAS;SRRSSS;ARSSS;SSSRS;SSAS;RSSRSS;SSADS;S/SS/SR/SS/SR/RS.RRSRSSSRSRSRRSSS;RRSSRSSS;SRSSS;RSSRSS;SARRRSSS;SSSS;ARSRSRSS;RRSRSSSS;RDSSRR;SSRRARSRSS.,6-3 5-7 7-6(5) 6-7(4) 6-4,1,289
10563803,29 Jan 17,Men'sAustralianOpen,ATP,Main,Rafael Nadal,Roger Federer,2,SSSS;SRSSRS;RSSDSS;SRSSS;SSSS;SSAS;RSRRR;SSSS;RSASRS;RASSS.RSSSS;DRSSRSRR;SSRRRSSRRSSS;RRRSSR;RRSSRR;SSSRDS;SSSS;RSSSS;SSSS.SSARRRRARSRASS;RRSSRR;SSAS;RSRRSSRASRSRSS;SSSS;SSRRRR;RSSRDSSRRSSS.SRSRSS;SSSRS;SSRSS;RRRSR;RSSSRRSRSS;AARRRASS;SSSS;SSRRARSS;SSSS.RRSRSR;SRRRSSRSSS;SSSS;SSDRSRRSSS;SRSSS;RRSSRSSRRR;ASSS;RRDSSSRSRR;RRARASSRAS.,6-4 3-6 6-1 3-6 6-3,1,217
